OBJECTID,Address,Postal,Category,Organization,Property_Name,Property_Type,Year_Built,F2012_Square_Footage,F2013_Square_Footage,F2014_Square_Footage,F2015_Square_Footage,F2012_Site_EUI__kbtu_sq_ft__,F2013_Site_EUI__kbtu_sq_ft__,F2014_Site_EUI__kbtu_sq_ft__,F2015_Site_EUI__kbtu_sq_ft__,F2012_ENERGY_STAR_Score,F2013_ENERGY_STAR_Score,F2014_ENERGY_STAR_Score,F2015_ENERGY_STAR_Score,F2012_Weather_normalized_Site_E,F2013_Weather_normalized_Site_E,F2014_Weather_normalized_Site_E,F2015_Weather_normalized_Site_E,F2012_Emissions__metric_tons_,F2013_Emissions__metric_tons_,F2014_Emissions__metric_tons_,F2015_Emissions__metric_tons_,F2013_Water_Use__gal_,F2014_Water_Use__gal_,F2015_Water_Use__gal_,X,Y,PM_ID
1,1 Twins Way,55403,"Private Property - 100,000+ sqft",,,Other   Entertainment Public Assembly,2010,,,1127632,1127632,,,83,70,,,,0,,,82,71,,,14714,12870,,15040,13233,-93.278617,44.980684,"2,387,026"
2,11 4th St S,55401,"Private Property - 100,000+ sqft",,,Parking,1966,,,200500,20500,,,72,53,,,,0,,,70,56,,,305,223,,37,17,-93.270982,44.980251,"4,048,043"
3,15 S 5th St,55402,"Private Property - 100,000+ sqft",,,Office,1916,,,178008,178008,,,91,92,,,94,84,,,82,98,,,1296,1782,,200,2823,-93.271699,44.979201,"4,427,333"
4,16 9th St S,55402,"Private Property - 100,000+ sqft",,,Fitness Center Health Club Gym,1990,,,120000,120000,,,141,165,,,,0,,,137,169,,,2144,2178,,3440,4001,-93.276162,44.975995,"4,051,240"
5,20 Washington Ave S,55401,"Private Property - 100,000+ sqft",,,Office,1964,,,212724,212724,,,61,59,,,97,94,,,58,62,,,1830,1845,,3120,4073,-93.268499,44.982026,"1,458,033"
6,25 1st St N,55401,"Private Property - 100,000+ sqft",,,Parking,1982,,,479718,479718,,,3,3,,,,0,,,3,3,,,278,272,,0,0,-93.267688,44.984405,"4,197,408"
7,25 Grove St,55401,"Private Property - 100,000+ sqft",,,K 12 School,1922,,,156000,156000,,,67,66,,,80,78,,,61,72,,,951,998,,4138,4558,-93.263939,44.98744,"4,278,079"
8,30 S 7th St,55402,"Private Property - 100,000+ sqft",,,Hotel,1990,,,555000,555000,,,114,122,,,63,51,,,111,123,,,0,0,,25352,28557,-93.273385,44.977409,"3,351,729"
9,33 S 6th St,55402,"Private Property - 100,000+ sqft",,,Office,1982,,,1375717,1375717,,,75,67,,,98,99,,,73,69,,,14839,13288,,8995,8519,-93.272819,44.978387,"1,416,283"
10,43 Main St SE,55414,"Private Property - 100,000+ sqft",,,Office,1900,,,102266,,,,93,,,,62,,,,86,,,,1452,,,5714,,-93.258375,44.985984,"4,431,327"
11,45 S 7th St,55402,"Private Property - 100,000+ sqft",,,Mixed Use Property,1987,,,870775,,,,96,,,,79,,,,92,,,,8409,,,9817,,-93.272673,44.977045,"4,057,808"
12,45 S 8th St,55402,"Private Property - 100,000+ sqft",,,Hotel,1998,,,153040,115600,,,77,73,,,82,80,,,0,0,,,1255,1211,,4071,3820,-93.273976,44.976288,"4,050,300"
13,50 S 10th St,55403,"Private Property - 100,000+ sqft",,,Office,2001,,,541096,522088,,,98,92,,,85,85,,,95,94,,,6372,5874,,7691,7407,-93.275732,44.974464,"1,552,404"
14,50 S 6th St,55402,"Private Property - 100,000+ sqft",,,Office,2001,,,1085348,811250,,,65,61,,,84,85,,,62,62,,,10429,9854,,10573,10572,-93.27204,44.978121,"22,279"
15,60 S 6th St,55402,"Private Property - 100,000+ sqft",,,Office,1991,,,683103,683103,,,82,85,,,89,87,,,80,87,,,6854,6892,,5,3635,-93.271499,44.977892,"3,761,111"
16,80 S 8th St,55402,"Private Property - 100,000+ sqft",,,Mixed Use Property,1973,,,2463406,2266906,,,115,103,,,,0,,,111,105,,,28934,26558,,63064,63065,-93.272383,44.975682,"4,059,169"
17,88 S 6th St,55402,"Private Property - 100,000+ sqft",,,Hotel,2007,,,208442,208442,,,105,112,,,65,54,,,103,115,,,2664,2761,,6746,7755,-93.270395,44.977438,"1,342,224"
18,90 S 7th St,55402,"Private Property - 100,000+ sqft",,,Office,1987,,,1497930,1340572,,,56,52,,,92,92,,,54,53,,,13129,12544,,10517,11375,-93.27118,44.976476,"1,884"
19,100 6th St N,55403,"Private Property - 100,000+ sqft",,,Office,1906,,,457678,457678,,,54,51,,,94,94,,,51,53,,,3778,3746,,2937,4351,-93.274875,44.979694,"1,399,499"
20,100 Washington Ave S,55401,"Private Property - 100,000+ sqft",,,Office,1980,,,770894,632935,,,54,48,,,96,97,,,50,51,,,4578,4368,,4908,4745,-93.266081,44.980956,"1,446,352"
21,100 S 5th St,55402,"Private Property - 100,000+ sqft",,,Office,1984,,,1420153,1170000,,,58,53,,,92,91,,,55,55,,,11003,10546,,6992,8598,-93.269168,44.9782,"3,257,786"
22,105 5th Ave S,55401,"Private Property - 100,000+ sqft",,,Office,1890,,,115584,,,,116,,,,,,,,112,,,,1299,,,884,,-93.259986,44.980589,"4,060,149"
23,109 S 7th St,55402,"Private Property - 100,000+ sqft",,,Office,1927,,,195308,195308,,,91,77,,,89,92,,,87,80,,,1728,1556,,2045,2288,-93.270704,44.976212,"4,051,462"
24,110 5th St N,55403,"Private Property - 100,000+ sqft",,,Office,1916,,,205435,205435,,,144,109,,,50,66,,,143,110,,,3419,2978,,3920,3732,-93.27439,44.980913,"4,058,091"
25,111 3rd Ave S,55401,"Private Property - 100,000+ sqft",,,Office,1890,,,109190,,,,56,,,,90,,,,53,,,,946,,,864,,-93.262531,44.981812,"3,982,601"
26,111 Washington Ave S,55401,"Private Property - 100,000+ sqft",,,Office,1987,,,432830,432830,,,152,138,,,,0,,,151,139,,,13040,11942,,5764,5659,-93.266623,44.980983,"1,446,507"
27,120 S 6th St,55402,"Private Property - 100,000+ sqft",,,Office,1960,,,588537,525997,,,126,125,,,,87,,,122,129,,,7816,7756,,3067,3402,-93.269732,44.977153,"1,159,356"
28,121 S 8th St,55402,"Private Property - 100,000+ sqft",,,Office,1981,,,579622,511622,,,127,116,,,71,72,,,122,119,,,7857,7241,,6240,4140,-93.271344,44.975184,"3,812,681"
29,200 S 6th St,55402,"Private Property - 100,000+ sqft",,,Office,1981,,,1751374,1467832,,,46,42,,,96,96,,,44,43,,,12381,12006,,11659,13097,-93.268588,44.976679,"5,197"
30,201 S 11th St,55403,"Private Property - 100,000+ sqft",,,Hotel,2007,,,567560,,,,66,,,,80,,,,63,,,,3166,,,6100,,-93.272543,44.971733,"4,445,183"
31,212 3rd Ave N,55401,"Private Property - 100,000+ sqft",,,Office,1885,,,251465,251465,,,50,44,,,97,98,,,48,47,,,1620,1496,,1521,1355,-93.27198,44.984873,"4,060,637"
32,215 4th St S,55401,"Private Property - 100,000+ sqft",,,Hotel,1906,,,200000,,,,133,,,,24,,,,127,,,,3519,,,6110,,-93.266703,44.978434,"2,365,812"
33,222 S 9th St,55402,"Private Property - 100,000+ sqft",,,Office,1985,,,1035692,907692,,,92,79,,,87,90,,,88,81,,,9725,8336,,3500,3248,-93.270867,44.973732,"18,795"
34,224 5th St S,55402,"Private Property - 100,000+ sqft",,,Other,1920,,,812848,812848,,,142,136,,,,0,,,139,139,,,19398,19444,,8261,10763,-93.267462,44.977505,"4,051,962"
35,225 S 6th St,55402,"Private Property - 100,000+ sqft",,,Office,1992,,,1872031,1636050,,,65,62,,,95,94,,,63,63,,,17298,17054,,12672,14755,-93.268346,44.976511,"1,593,823"
36,250 Marquette Ave,55401,"Private Property - 100,000+ sqft",,,Office,1972,,,667160,549348,,,131,130,,,95,95,,,129,133,,,9811,9817,,2895,5722,-93.267306,44.980611,"1,575,710"
37,255 2nd Ave S,55401,"Private Property - 100,000+ sqft",,,Office,1900,,,528599,528599,,,179,163,,,4,6,,,178,164,,,18598,16762,,9453,9107,-93.265806,44.980058,"3,229,176"
38,275 Market St,55405,"Private Property - 100,000+ sqft",,,Mixed Use Property,1914,,,658786,565336,,,55,53,,,,0,,,53,55,,,4565,4693,,5471,9060,-93.289727,44.980456,"4,057,423"
39,300 S 4th St,55415,"Private Property - 100,000+ sqft",,,Courthouse,1997,,,738583,,,,124,,,,60,,,,118,,,,0,,,2692,,-93.265581,44.97801,"1,165,566"
40,301 4th Ave S,55415,"Private Property - 100,000+ sqft",,,Office,1881,,,150293,150293,,,109,89,,,84,82,,,100,96,,,1425,1265,,5571,2337,-93.263637,44.978308,"4,064,197"
41,310 38th St E,55409,"Private Property - 100,000+ sqft",,,Social Meeting Hall,1918,,,216300,216300,,,68,59,,,,0,,,62,63,,,1394,1295,,2267,1768,-93.271701,44.934177,"4,021,882"
42,310 4th Ave S,55415,"Private Property - 100,000+ sqft",,,Office,1900,,,142688,129636,,,97,72,,,79,92,,,92,76,,,1378,869,,516,500,-93.263686,44.978351,"4,048,278"
43,311 2nd St SE,55414,"Private Property - 100,000+ sqft",,,Mixed Use Property,1968,,,366600,366600,,,140,131,,,,0,,,137,133,,,6135,5855,,5061,4820,-93.251311,44.984106,"4,048,366"
44,330 2nd Ave S,55401,"Private Property - 100,000+ sqft",,,Office,1980,,,256622,233522,,,79,69,,,79,81,,,73,72,,,2483,2363,,1672,2169,-93.266677,44.979131,"1,417,469"
45,331 2nd Ave S,55401,"Private Property - 100,000+ sqft",,,Office,1982,,,137823,137823,,,178,83,,,97,100,,,173,87,,,4303,1812,,1177,1763,-93.266887,44.978779,"4,477,018"
46,333 S 7th St,55402,"Private Property - 100,000+ sqft",,,Office,1987,,,917687,671610,,,88,82,,,91,92,,,83,85,,,2089,1801,,5106,4655,-93.267399,44.974805,"13,139"
47,333 S 12th St,55404,"Private Property - 100,000+ sqft",,,Worship Facility,1928,,,108000,108000,,,83,79,,,44,39,,,76,85,,,792,764,,817,717,-93.271641,44.970057,"4,441,663"
48,400 1st Ave N,55401,"Private Property - 100,000+ sqft",,,Office,1910,,,224808,224808,,,92,76,,,83,86,,,88,79,,,2440,2200,,1296,1936,-93.272889,44.981023,"4,058,089"
49,400 4th St S,55415,"Private Property - 100,000+ sqft",,,Office,1881,,,243853,243853,,,109,89,,,85,84,,,101,96,,,2324,2053,,7809,3817,-93.26375,44.977255,"4,064,217"
50,400 Stinson Blvd,55413,"Private Property - 100,000+ sqft",,,Office,1920,,,253077,,,,132,,,,62,,,,132,,,,4325,,,3779,,-93.227097,44.993487,"3,311,719"
51,401 2nd Ave N,55401,"Private Property - 100,000+ sqft",,,Office,1894,,,104843,104843,,,80,67,,,80,81,,,75,71,,,1100,1064,,1845,1561,-93.273721,44.981969,"4,058,086"
52,401 N 3rd St,55401,"Private Property - 100,000+ sqft",,,Office,1901,,,160188,107839,,,94,65,,,,0,,,88,69,,,1142,1004,,1264,1032,-93.27561,44.985039,"3,632,120"
53,405 S 8th St,55404,"Private Property - 100,000+ sqft",,,Hotel,1924,,,136699,136699,,,153,130,,,46,51,,,144,135,,,1979,1798,,7916,7252,-93.267424,44.973553,"4,434,905"
54,409 Marquette Ave,55401,"Private Property - 100,000+ sqft",,,Parking,1953,,,146080,146080,,,7,6,,,,0,,,6,6,,,186,164,,85,44,-93.268516,44.979078,"4,058,404"
55,412 S 3rd St,55415,"Private Property - 100,000+ sqft",,,Parking,1983,,,545975,545975,,,7,6,,,,0,,,7,6,,,792,648,,198,190,-93.26335,44.978406,"4,048,504"
56,414 Nicollet Ave S,55401,"Private Property - 100,000+ sqft",,,Office,1967,,,373735,373735,,,54,127,,,90,23,,,0,130,,,4112,9725,,10225,7570,-93.269985,44.979608,"4,054,754"
57,420 N 5th St,55401,"Private Property - 100,000+ sqft",,,Office,1913,,,318595,304150,,,88,70,,,88,91,,,82,73,,,3514,3102,,8930,1285,-93.277602,44.98328,"3,431,313"
58,500 S 6th St,55415,"Private Property - 100,000+ sqft",,,Parking,1935,,,146400,,,,15,,,,,,,,15,,,,88,,,0,,-93.264509,44.974949,"4,075,687"
59,500 Washington Ave S,55415,"Private Property - 100,000+ sqft",,,Office,2001,,,286394,143197,,,59,102,,,97,67,,,57,105,,,2245,2146,,9,11,-93.260441,44.978606,"1,589,689"
60,501 4th Ave S,55415,"Private Property - 100,000+ sqft",,,Parking,1974,,,249120,87120,,,37,23,,,,0,,,37,23,,,426,399,,120,167,-93.265476,44.976108,"4,048,053"
61,510 1st Ave N,55403,"Private Property - 100,000+ sqft",,,Office,1910,,,138474,138474,,,67,77,,,,0,,,62,80,,,1175,1697,,2679,4742,-93.273954,44.980264,"4,056,684"
62,511 Groveland Ave,55403,"Private Property - 100,000+ sqft",,,Worship Facility,1916,,,106412,106412,,,71,56,,,60,64,,,64,61,,,721,638,,712,868,-93.287706,44.967034,"4,126,740"
63,511 Kenwood Pkwy,55403,"Private Property - 100,000+ sqft",,,K 12 School,1902,,,120000,151904,,,145,91,,,16,46,,,137,95,,,1795,1480,,1750,1219,-93.293002,44.969822,"4,002,040"
64,517 Marquette Ave,55402,"Private Property - 100,000+ sqft",,,Parking,1999,,,252783,63583,,,44,34,,,,0,,,42,36,,,385,322,,24,16,-93.269439,44.978001,"4,048,047"
65,527 Marquette Ave,55402,"Private Property - 100,000+ sqft",,,Office,1929,,,142136,142136,,,147,181,,,52,34,,,130,191,,,0,0,,18,18,-93.269508,44.97792,"4,046,124"
66,528 Hennepin Ave,55403,"Private Property - 100,000+ sqft",,,Performing Arts,1888,,,119970,119970,,,78,64,,,,0,,,72,67,,,1324,1170,,2257,2773,-93.273599,44.978874,"4,053,908"
67,555 Nicollet Mall,55402,"Private Property - 100,000+ sqft",,,Mixed Use Property,1991,,,113000,113000,,,88,68,,,,0,,,83,70,,,0,0,,685,832,-93.271008,44.978235,"2,292,903"
68,570 6th Ave N,55411,"Private Property - 100,000+ sqft",,,Parking,1984,,,285160,285160,,,97,68,,,,0,,,89,75,,,2386,1877,,7509,6955,-93.281233,44.984249,"4,458,396"
69,600 Stinson Blvd,55413,"Private Property - 100,000+ sqft",,,Other,1920,,,250556,,,,235,,,,,,,,232,,,,10364,,,2906,,-93.227224,44.995153,"4,056,373"
70,601 1st Ave N,55403,"Private Property - 100,000+ sqft",,,Hotel,2003,,,208721,208721,,,104,103,,,66,61,,,101,105,,,2914,2788,,6808,6907,-93.274825,44.979564,"4,049,986"
71,606 24th Ave S,55454,"Private Property - 100,000+ sqft",,,Hospital  General Medical & Surgical,1945,,,596511,596511,,,144,170,,,99,94,,,144,171,,,9555,11564,,19614,19436,-93.23776,44.967111,"4,099,248"
72,608 2nd Ave S,55402,"Private Property - 100,000+ sqft",,,Office,1916,,,1518974,1075164,,,103,105,,,64,58,,,99,107,,,16623,16975,,26642,26473,-93.268805,44.976652,"4,058,423"
73,615 1st Ave NE,55413,"Private Property - 100,000+ sqft",,,Office,1928,,,157227,157227,,,63,65,,,91,78,,,60,66,,,1433,1788,,759,949,-93.252131,44.990756,"3,230,204"
74,615 2nd Ave S,55402,"Private Property - 100,000+ sqft",,,Hotel,2001,,,200503,200503,,,195,171,,,7,7,,,185,179,,,3831,3526,,16348,15820,-93.269207,44.976069,"2,554,688"
75,625 4th Ave S,55415,"Private Property - 100,000+ sqft",,,Office,1981,,,525000,,,,77,,,,,,,,0,,,,5493,,,5612,,-93.266197,44.975248,"1,310,795"
76,651 Nicollet Mall,55402,"Private Property - 100,000+ sqft",,,Office,1989,,,328126,199323,,,118,154,,,34,10,,,113,158,,,5612,4728,,2578,2662,-93.271558,44.977618,"4,508,491"
77,700 Nicollet Mall,55402,"Private Property - 100,000+ sqft",,,Retail Store,1902,,,1235912,1235912,,,84,74,,,76,78,,,80,77,,,11080,9877,,15851,15205,-93.272626,44.976511,"3,902,920"
78,701 N Washington Ave,55401,"Private Property - 100,000+ sqft",,,Office,1911,,,117500,135500,,,157,130,,,31,41,,,147,137,,,2055,2043,,3,4,-93.276692,44.987457,"4,054,647"
79,706 2nd Ave S,55402,"Private Property - 100,000+ sqft",,,Office,1926,,,112356,112356,,,181,144,,,5,9,,,175,149,,,3146,2715,,690,771,-93.269797,44.97548,"4,043,265"
80,707 2nd Ave S,55402,"Private Property - 100,000+ sqft",,,Financial Office,1999,,,1156997,972407,,,83,77,,,90,91,,,78,81,,,11305,10649,,10183,13156,-93.269601,44.975601,"1,254,430"
81,708 N 1st St,55401,"Private Property - 100,000+ sqft",,,Office,1905,,,127484,127484,,,60,52,,,82,83,,,56,54,,,148,106,,5400,4552,-93.274649,44.989387,"3,230,440"
82,710 S 2nd St,55401,"Private Property - 100,000+ sqft",,,Office,2003,,,119155,119155,,,110,105,,,80,78,,,106,111,,,1207,1190,,1957,1865,-93.257521,44.97863,"4,059,972"
83,711 Hennepin Ave,55403,"Private Property - 100,000+ sqft",,,Mixed Use Property,1972,,,101000,93000,,,95,90,,,,0,,,85,96,,,987,1064,,1270,1555,-93.275254,44.977625,"4,279,195"
84,721 Vineland Pl,55403,"Private Property - 100,000+ sqft",,,Museum,1970,,,280000,230000,,,156,160,,,,0,,,150,162,,,4363,4403,,5748,4616,-93.288904,44.96886,"4,052,550"
85,730 2nd Ave S,55402,"Private Property - 100,000+ sqft",,,Office,1968,,,409505,329505,,,90,82,,,93,94,,,87,84,,,2693,2489,,3483,3897,-93.270127,44.97508,"4,043,591"
86,733 S Marquette Ave,55402,"Private Property - 100,000+ sqft",,,Office,1926,,,424583,424583,,,85,72,,,93,96,,,83,74,,,3937,3356,,4370,4888,-93.271051,44.976067,"4,051,272"
87,800 E 28th St,55407,"Private Property - 100,000+ sqft",,,Hospital  General Medical & Surgical,1926,,,1560501,,,,256,,,,36,,,,249,,,,41824,,,76606,,-93.26251,44.951979,"4,262,394"
88,800 Lasalle Ave,55402,"Private Property - 100,000+ sqft",,,Office,1991,,,934285,782575,,,112,95,,,76,85,,,109,97,,,11511,9364,,11333,13300,-93.274848,44.97621,"2,367,781"
89,800 Nicollet Mall,55402,"Private Property - 100,000+ sqft",,,Office,2000,,,1183471,1047458,,,84,71,,,84,86,,,81,73,,,12962,12019,,21364,15903,-93.273497,44.97545,"1,090,106"
90,800 Washington Ave N,55401,"Private Property - 100,000+ sqft",,,Office,1902,,,382374,,,,61,,,,89,,,,58,,,,3666,,,6371,,-93.279034,44.989294,"2,674,940"
91,801 Lasalle Ave,55402,"Private Property - 100,000+ sqft",,,Parking,1968,,,250000,250000,,,8,6,,,,0,,,8,6,,,396,320,,0,0,-93.274895,44.976029,"3,998,758"
92,801 Nicollet Mall,55402,"Private Property - 100,000+ sqft",,,Office,1968,,,777563,,,,90,,,,81,,,,85,,,,6505,,,0,,-93.273246,44.975649,"2,773,144"
93,814 9th St S,55404,"Private Property - 100,000+ sqft",,,Parking,1981,,,353080,24731,,,194,74,,,,0,,,180,75,,,508,344,,117,115,-93.262191,44.970045,"4,123,150"
94,818 2nd St S,55415,"Private Property - 100,000+ sqft",,,Performing Arts,2006,,,360630,272630,,,170,166,,,,0,,,165,171,,,4665,4863,,7089,8082,-93.25596,44.977956,"4,057,815"
95,818 Dunwoody Blvd,55403,"Private Property - 100,000+ sqft",,,Vocational School,1914,,,225776,225776,,,106,81,,,,0,,,99,86,,,2422,2086,,5624,7404,-93.29112,44.972147,"4,518,015"
96,818 S 2nd St,55415,"Private Property - 100,000+ sqft",,,Performing Arts,2006,,,231642,231642,,,120,119,,,,0,,,120,119,,,5404,5350,,9952,11923,-93.255839,44.977911,"4,442,275"
97,821 Marquette Ave,55402,"Private Property - 100,000+ sqft",,,Hotel,1929,,,242879,202536,,,176,98,,,1,18,,,174,99,,,5797,2603,,11153,11901,-93.271838,44.975092,"4,344,464"
98,825 Nicollet Mall,55402,"Private Property - 100,000+ sqft",,,Medical Office,1923,,,299253,299253,,,130,136,,,70,69,,,125,141,,,4059,4227,,52,5274,-93.273668,44.975148,"4,007,055"
99,825 S 8th St,55404,"Private Property - 100,000+ sqft",,,Office,1982,,,176529,176529,,,165,179,,,15,16,,,159,185,,,3885,3617,,6073,5296,-93.26177,44.971118,"3,227,064"
100,900 2nd Ave S,55402,"Private Property - 100,000+ sqft",,,Office,1984,,,439860,365574,,,104,99,,,44,47,,,100,100,,,6958,6796,,4360,5414,-93.271427,44.9735,"3,985,064"
101,900 4th St N,55401,"Private Property - 100,000+ sqft",,,Other   Lodging Residential,1860,,,130000,130000,,,106,98,,,,0,,,98,108,,,1048,1024,,1861,2437,-93.281763,44.987864,"4,047,629"
102,900 Nicollet Mall,55402,"Private Property - 100,000+ sqft",,,Retail Store,2001,,,185238,158193,,,91,89,,,70,67,,,88,89,,,2986,2776,,0,0,-93.273953,44.974934,"1,547,862"
103,901 3rd Ave S,55402,"Private Property - 100,000+ sqft",,,Financial Office,2002,,,1266008,979787,,,67,62,,,93,94,,,64,63,,,10681,10223,,9442,11437,-93.270165,44.972679,"1,250,989"
104,901 Marquette Ave,55402,"Private Property - 100,000+ sqft",,,Office,1991,,,751583,685144,,,67,61,,,88,93,,,64,62,,,7798,7356,,4596,4328,-93.272539,44.974282,"3,790,355"
105,910 Elliot Ave,55404,"Private Property - 100,000+ sqft",,,College University,1900,,,117144,117144,,,65,57,,,,0,,,61,61,,,806,750,,2488,2026,-93.261076,44.969616,"3,991,738"
106,910 Lasalle Ave,55402,"Private Property - 100,000+ sqft",,,Parking,1954,,,210700,210700,,,6,5,,,,0,,,5,6,,,226,210,,32,42,-93.275577,44.97529,"4,058,417"
107,920 2nd Ave S,55402,"Private Property - 100,000+ sqft",,,Office,1986,,,342765,293978,,,75,67,,,80,84,,,71,69,,,3671,3481,,3724,4544,-93.27137,44.973581,"3,985,401"
108,921 Marquette Ave,55402,"Private Property - 100,000+ sqft",,,Parking,1961,,,461314,76114,,,110,58,,,,0,,,110,62,,,634,397,,325,294,-93.272966,44.973768,"4,048,062"
109,1000 Lasalle Ave,55403,"Private Property - 100,000+ sqft",,,College University,1992,,,165516,165516,,,130,104,,,,0,,,126,105,,,2616,2261,,2507,2746,-93.276246,44.974471,"4,056,962"
110,1001 Marquette Ave,55403,"Private Property - 100,000+ sqft",,,Hotel,1992,,,687758,,,,146,,,,41,,,,141,,,,11014,,,44866,,-93.273546,44.973038,"4,041,425"
111,1101 Harmon Pl,55403,"Private Property - 100,000+ sqft",,,College University,2003,,,158000,158000,,,106,100,,,,0,,,103,102,,,2317,2189,,2005,3011,-93.2784,44.974256,"4,060,624"
112,1101 Lasalle Ave,55403,"Private Property - 100,000+ sqft",,,Hotel,1987,,,220390,200390,,,67,59,,,97,97,,,61,62,,,1458,1363,,7125,6664,-93.276966,44.973519,"4,450,901"
113,1200 Marquette Ave,55403,"Private Property - 100,000+ sqft",,,Worship Facility,1897,,,124000,120000,,,67,58,,,45,43,,,61,62,,,851,793,,1070,1189,-93.274997,44.971347,"4,034,420"
114,1200 Washington Ave S,55415,"Private Property - 100,000+ sqft",,,Office,1941,,,176333,,,,235,,,,2,,,,235,,,,5474,,,3095,,-93.25102,44.974615,"4,060,742"
115,1220 Marshall St NE,55413,"Private Property - 100,000+ sqft",,,Office,1908,,,100834,100834,,,128,115,,,68,67,,,121,121,,,1376,1291,,854,632,-93.269313,44.999021,"3,830,318"
116,1221 Nicollet Mall,55403,"Private Property - 100,000+ sqft",,,Office,1983,,,168245,,,,83,,,,78,,,,78,,,,1395,,,637,,-93.276634,44.97157,"3,983,115"
117,1300 Godward St NE,55413,"Private Property - 100,000+ sqft",,,Office,1988,,,193180,173180,,,42,41,,,98,97,,,41,42,,,1314,1364,,1418,2249,-93.214107,45.001259,"2,869,939"
118,1300 Nicollet Mall,55403,"Private Property - 100,000+ sqft",,,Hotel,1980,,,867136,,,,82,,,,68,,,,79,,,,8714,,,19318,,-93.277742,44.970486,"4,041,062"
119,1300 Olson Memorial Hwy,55411,"Private Property - 100,000+ sqft",,,Pre school Daycare,1970,,,130000,,,,60,,,,,,,,57,,,,986,,,3551,,-93.297661,44.984637,"4,519,105"
120,1313 Nicollet Mall,55403,"Private Property - 100,000+ sqft",,,Hotel,1962,,,282000,275000,,,95,86,,,69,67,,,90,89,,,3020,2888,,10541,9079,-93.277503,44.970675,"4,050,311"
121,1330 Industrial Blvd NE,55413,"Private Property - 100,000+ sqft",,,Hotel,1979,,,164000,,,,146,,,,,,,,140,,,,2464,,,9809,,-93.21172,45.002494,"4,004,667"
122,1500 Washington Ave S,55454,"Private Property - 100,000+ sqft",,,Hotel,1984,,,195000,195000,,,105,90,,,63,68,,,99,94,,,2282,2037,,5624,6678,-93.247633,44.973166,"4,053,430"
123,1518 Chestnut Ave,55403,"Private Property - 100,000+ sqft",,,Mixed Use Property,1932,,,378425,,,,147,,,,,,,,0,,,,5646,,,16482,,-93.285182,44.976967,"4,055,000"
124,1520 New Brighton Blvd,55413,"Private Property - 100,000+ sqft",,,Retail Store,1997,,,111756,,,,106,,,,57,,,,100,,,,1716,,,1698,,-93.229561,45.003012,"4,434,851"
125,1601 W River Rd,55411,"Private Property - 100,000+ sqft",,,Office,2009,,,117805,117805,,,152,138,,,43,45,,,144,144,,,1806,1684,,1366,1444,-93.276572,44.995319,"4,046,512"
126,1650 New Brighton Blvd,55413,"Private Property - 100,000+ sqft",,,Retail Store,1997,,,134918,134918,,,87,83,,,82,81,,,84,85,,,1872,1831,,2532,1623,-93.228361,45.004111,"1,547,577"
127,2025 E River Pkwy,55414,"Private Property - 100,000+ sqft",,,Other   Specialty Hospital,1990,,,103570,103570,,,321,250,,,,0,,,314,253,,,3592,2928,,5,5,-93.212113,44.958108,"4,424,114"
128,2101 Kennedy St NE,55413,"Private Property - 100,000+ sqft",,,Office,1919,,,159980,159980,,,75,64,,,,0,,,72,66,,,0,0,,4414,5003,-93.230722,44.995117,"4,062,850"
129,2101 Summer St NE,55413,"Private Property - 100,000+ sqft",,,Parking,2002,,,190675,190675,,,3,3,,,,0,,,3,3,,,129,116,,0,0,-93.230181,44.996986,"4,062,485"
130,2121 E Lake St,55407,"Private Property - 100,000+ sqft",,,Fitness Center Health Club Gym,2000,,,135000,135000,,,142,128,,,,0,,,136,132,,,2490,2418,,6585,6249,-93.241883,44.948356,"4,043,775"
131,2215 Park Ave,55404,"Private Property - 100,000+ sqft",,,Hospital  General Medical & Surgical,1987,,,165169,,,,176,,,,44,,,,172,,,,3289,,,126570,,-93.26507,44.96072,"4,262,618"
132,2215 Park Ave,55404,"Private Property - 100,000+ sqft",,,Parking,1987,,,174216,,,,6,,,,,,,,6,,,,221,,,45,,-93.26507,44.96072,"4,334,536"
133,2300 Chicago Ave,55404,"Private Property - 100,000+ sqft",,,Other   Education,1951,,,231555,231555,,,78,79,,,,0,,,71,84,,,1695,2159,,2935,3015,-93.262608,44.959994,"4,021,262"
134,2400 3rd Ave S,55404,"Private Property - 100,000+ sqft",,,Museum,1915,,,466675,466675,,,235,215,,,,0,,,228,218,,,8784,7944,,10286,7337,-93.27279,44.958211,"4,129,184"
135,2400 3rd Ave S,55404,"Private Property - 100,000+ sqft",,,Museum,2005,,,140333,85840,,,227,377,,,,0,,,225,379,,,3223,3335,,3926,4550,-93.27279,44.958211,"4,465,429"
136,2414 7th St S,55454,"Private Property - 100,000+ sqft",,,Outpatient Rehabilitation Physical Therapy,1975,,,294230,294230,,,137,130,,,,0,,,137,129,,,4609,4374,,10776,11120,-93.236172,44.966627,"4,099,258"
137,2450 Riverside Ave,55454,"Private Property - 100,000+ sqft",,,Other   Specialty Hospital,2011,,,231498,238780,,,370,271,,,1,22,,,370,271,,,9555,7074,,17430,17120,-93.237101,44.965936,"4,099,255"
138,2500 6th St S,55454,"Private Property - 100,000+ sqft",,,College University,1924,,,150639,150639,,,118,100,,,,0,,,112,105,,,2353,1791,,1699,1026,-93.234429,44.967362,"4,045,156"
139,2500 E Lake St,55406,"Private Property - 100,000+ sqft",,,Retail Store,1976,,,127233,127233,,,83,77,,,82,82,,,79,79,,,1758,1700,,6791,5772,-93.235821,44.948452,"1,546,892"
140,2501 Stevens Ave,55404,"Private Property - 100,000+ sqft",,,College University,1973,,,137463,137463,,,223,203,,,,0,,,215,209,,,2913,2730,,2085,1839,-93.275244,44.95722,"3,954,582"
141,2512 7th St S,55454,"Private Property - 100,000+ sqft",,,Outpatient Rehabilitation Physical Therapy,1945,,,173722,173722,,,197,190,,,,0,,,197,193,,,3822,3637,,6785,6923,-93.235381,44.966627,"4,099,252"
142,2650 Wells Fargo Way,55467,"Private Property - 100,000+ sqft",,,Office,2004,,,228894,228894,,,61,67,,,92,88,,,60,68,,,2389,2564,,5777,5973,-93.270244,44.953721,"4,326,531"
143,S Elliot Ave,55407,"Private Property - 100,000+ sqft",,,Parking,1980,,,1630889,,,,5,,,,,,,,5,,,,1749,,,2480,,-93.261316,44.955895,"4,338,285"
144,2701 Wells Fargo Way,55467,"Private Property - 100,000+ sqft",,,Office,1912,,,1024899,,,,56,,,,99,,,,53,,,,4659,,,7458,,-93.270203,44.953137,"4,326,526"
145,2800 4th Ave S,55408,"Private Property - 100,000+ sqft",,,Parking,2001,,,555000,655000,,,8,4,,,,0,,,8,4,,,917,407,,684,1198,-93.270319,44.951844,"4,459,601"
146,2801 4th Ave S,55408,"Private Property - 100,000+ sqft",,,Office,1983,,,241753,241753,,,85,68,,,79,89,,,83,70,,,3235,2569,,3848,4693,-93.270243,44.95143,"4,326,507"
147,2828 Chicago Ave S,55407,"Private Property - 100,000+ sqft",,,Medical Office,2008,,,106239,56239,,,193,182,,,2,1,,,190,182,,,2221,2096,,1047,1034,-93.26268,44.950819,"4,436,745"
148,2924 4th Ave S,55408,"Private Property - 100,000+ sqft",,,K 12 School,2007,,,158947,,,,55,,,,48,,,,52,,,,1145,,,608,,-93.27034,44.9495,"4,068,890"
149,2929 Chicago Ave,55407,"Private Property - 100,000+ sqft",,,Office,1927,,,444541,444541,,,123,106,,,86,89,,,115,112,,,5638,5182,,4973,4762,-93.262601,44.94918,"3,795,696"
150,3001 Broadway St NE,55413,"Private Property - 100,000+ sqft",,,Office,2000,,,229449,192600,,,74,71,,,90,84,,,72,72,,,2969,2585,,4303,4325,-93.219262,44.998816,"3,982,659"
151,3033 Excelsior Blvd,55416,"Private Property - 100,000+ sqft",,,Office,1953,,,165063,155000,,,162,163,,,,0,,,156,166,,,2724,2653,,38,42,-93.318772,44.948003,"4,434,985"
152,3100 W River Pkwy,55406,"Private Property - 100,000+ sqft",,,K 12 School,1912,,,152000,,,,70,,,,66,,,,64,,,,1055,,,1476,,-93.203826,44.946216,"4,489,790"
153,3106 Nicollet Ave,55408,"Private Property - 100,000+ sqft",,,Transportation Terminal Station,1990,,,210000,210000,,,96,68,,,,0,,,89,75,,,1773,1396,,6545,7471,-93.277964,44.946352,"4,059,979"
154,3200 W Lake St,55416,"Private Property - 100,000+ sqft",,,Strip Mall,1988,,,111054,89054,,,211,183,,,,0,,,202,188,,,2342,2157,,6,5,-93.321281,44.948497,"4,223,356"
155,3433 Broadway St NE,55413,"Private Property - 100,000+ sqft",,,Office,1985,,,133266,126066,,,45,38,,,98,99,,,42,39,,,872,742,,1645,1576,-93.213275,45.000525,"2,962,039"
156,3660 Technology Dr,55418,"Private Property - 100,000+ sqft",,,Office,1985,,,169300,169300,,,170,163,,,,22,,,167,167,,,4883,4949,,66,138,-93.277696,45.034857,"4,050,477"
157,4200 W River Pkwy,55406,"Private Property - 100,000+ sqft",,,K 12 School,1956,,,172770,,,,54,,,,77,,,,50,,,,1076,,,1599,,-93.203586,44.925542,"4,489,805"
158,4225 3rd Ave S,55409,"Private Property - 100,000+ sqft",,,Pre school Daycare,1963,,,108000,108000,,,64,46,,,,0,,,57,49,,,581,468,,1770,1971,-93.272713,44.925929,"4,060,398"
159,6010 Lyndale Ave S,55419,"Private Property - 100,000+ sqft",,,Retail Store,1970,,,224051,,,,133,,,,,,,,122,,,,2609,,,25,,-93.288371,44.894079,"4,052,464"
160,8 60th St W,55419,"Private Property - 50,000-100,000 sqft",,,Worship Facility,1959,,0,60640,60640,,,,50,,,,76,,,,54,,,,268,,,674,-93.279052,44.893767,"4,052,769"
161,10 2nd St NE,55413,"Private Property - 50,000-100,000 sqft",,,Office,1984,,0,99317,99317,,,,99,,,,51,,,,104,,,,1507,,,1945,-93.25802,44.987721,"4,431,339"
162,10 W Lake St,55408,"Private Property - 50,000-100,000 sqft",,,Retail Store,1978,,91805,91805,91805,,,,46,,,,86,,,,48,,,,714,,,601,-93.278181,44.948387,"2,345,489"
163,15 S 9th St,55402,"Private Property - 50,000-100,000 sqft",,,College University,1920,,0,80275,80275,,,,155,,,,0,,,,159,,,,0,,,1,-93.27625,44.975975,"4,420,364"
164,17 Washington Ave N,55401,"Private Property - 50,000-100,000 sqft",,,Bank Branch,1969,,0,56935,56935,,,,87,,,,38,,,,91,,,,768,,,252,-93.269508,44.982315,"4,428,867"
165,46 S 11th St,55403,"Private Property - 50,000-100,000 sqft",,,College University,2005,,0,75019,75019,,,,157,,,,0,,,,162,,,,1324,,,960,-93.277625,44.973891,"4,426,482"
166,84 S 10th St,55403,"Private Property - 50,000-100,000 sqft",,,Office,1914,,0,66300,63360,,,,85,,,,65,,,,86,,,,752,,,3503,-93.273937,44.973705,"3,830,355"
167,112 19th Ave NE,55418,"Private Property - 50,000-100,000 sqft",,,K 12 School,1975,,0,53450,53450,,,,52,,,,0,,,,57,,,,293,,,494,-93.267257,45.007426,"4,462,991"
168,122 Franklin Ave W,55404,"Private Property - 50,000-100,000 sqft",,,Office,1962,,0,71756,71756,,,,99,,,,76,,,,0,,,,691,,,929,-93.280431,44.962717,"4,378,992"
169,201 Chicago Ave,55415,"Private Property - 50,000-100,000 sqft",,,Office,2012,,0,62400,62400,,,,115,,,,36,,,,118,,,,971,,,708,-93.256406,44.97802,"3,021,989"
170,211 1st St N,55401,"Private Property - 50,000-100,000 sqft",,,Office,1930,,0,75203,75203,,,,66,,,,77,,,,70,,,,784,,,3662,-93.269231,44.985494,"3,226,960"
171,215 S 8th St,55402,"Private Property - 50,000-100,000 sqft",,,Worship Facility,1953,,0,70000,70000,,,,77,,,,31,,,,84,,,,575,,,419,-93.270084,44.974643,"4,425,409"
172,217 5th Ave N,55401,"Private Property - 50,000-100,000 sqft",,,Office,1915,,0,62775,,,,,,,,,,,,,,,,,,,,,-93.273868,44.986673,"4,361,913"
173,233 Park Ave S,55415,"Private Property - 50,000-100,000 sqft",,,Office,1909,,0,52069,52069,,,,121,,,,55,,,,126,,,,943,,,1660,-93.258656,44.977591,"4,367,944"
174,277 12th Ave N,55401,"Private Property - 50,000-100,000 sqft",,,K 12 School,1969,,0,89688,,,,,,,,,,,,,,,,,,,,,-93.282783,44.990881,"4,372,058"
175,300 Industrial Blvd NE,55413,"Private Property - 50,000-100,000 sqft",,,Mixed Use Property,1971,,0,92450,65400,,,,37,,,,0,,,,41,,,,303,,,1,-93.210217,44.991732,"4,392,824"
176,312 Central Ave SE,55414,"Private Property - 50,000-100,000 sqft",,,Office,1977,,82044,82044,,,,,,,,,,,,,,,,,,,,,-93.254566,44.987098,"2,775,824"
177,323 Stinson Blvd,55413,"Private Property - 50,000-100,000 sqft",,,Office,1969,,0,75670,50826,,,,400,,,,1,,,,403,,,,3856,,,1121,-93.226673,44.992951,"4,519,347"
178,333 Washington Ave N,55401,"Private Property - 50,000-100,000 sqft",,,Office,1895,,0,68043,68043,,,,72,,,,77,,,,75,,,,768,,,907,-93.272737,44.98468,"3,362,081"
179,400 Central Ave SE,55414,"Private Property - 50,000-100,000 sqft",,,Vocational School,1924,,0,70080,70080,,,,105,,,,0,,,,108,,,,1028,,,2938,-93.253955,44.987848,"4,488,133"
180,404 3rd Ave N,55401,"Private Property - 50,000-100,000 sqft",,,Office,1895,,0,55500,,,,,,,,,,,,,,,,,,,,,-93.275149,44.982604,"4,518,221"
181,414 8th St S,55404,"Private Property - 50,000-100,000 sqft",,,Office,1927,,0,83222,73722,,,,101,,,,68,,,,105,,,,791,,,255,-93.267273,44.97355,"4,162,543"
182,419 Washington Ave N,55401,"Private Property - 50,000-100,000 sqft",,,Office,1913,,0,74000,,,,,,,,,,,,,,,,,,,,,-93.274298,44.985754,"4,039,509"
183,501 S 2nd St,55401,"Private Property - 50,000-100,000 sqft",,,Other   Education,2008,,0,55562,,,,,,,,,,,,,,,,,,,,,-93.260481,44.979811,"4,412,129"
184,525 W 54th St,55419,"Private Property - 50,000-100,000 sqft",,,K 12 School,1922,,0,58000,85345,,,,114,,,,4,,,,124,,,,781,,,747,-93.285867,44.90507,"4,473,352"
185,601 Stinson Blvd,55413,"Private Property - 50,000-100,000 sqft",,,Parking,1920,,107200,53600,67000,,,,15,,,,0,,,,15,,,,161,,,284,-93.22672,44.995153,"3,347,798"
186,616 S 24th Ave,55454,"Private Property - 50,000-100,000 sqft",,,Parking,1945,,0,45500,45500,,,,22,,,,0,,,,22,,,,208,,,0,-93.237762,44.96709,"4,526,013"
187,700 10th Ave S,55415,"Private Property - 50,000-100,000 sqft",,,Office,1920,,0,60528,60528,,,,74,,,,89,,,,77,,,,504,,,414,-93.258856,44.97089,"4,405,212"
188,700 Dunwoody Blvd,55403,"Private Property - 50,000-100,000 sqft",,,Vocational School,1949,,0,73050,73050,,,,103,,,,0,,,,111,,,,676,,,436,-93.288576,44.972081,"4,518,181"
189,700 Humboldt Ave N,55411,"Private Property - 50,000-100,000 sqft",,,Pre school Daycare,1991,,0,58000,58000,,,,81,,,,0,,,,89,,,,515,,,2089,-93.298133,44.985809,"4,435,802"
190,708 3rd St S,55415,"Private Property - 50,000-100,000 sqft",,,Office,1902,,0,68047,68047,,,,89,,,,63,,,,96,,,,602,,,236,-93.25861,44.976375,"4,485,721"
191,701 W Broadway Ave,55411,"Private Property - 50,000-100,000 sqft",,,Supermarket Grocery Store,2008,,0,80135,80135,,,,243,,,,100,,,,246,,,,3100,,,1322,-93.288931,44.999112,"2,886,390"
192,717 S 25th Ave,55454,"Private Property - 50,000-100,000 sqft",,,Parking,1945,,0,40000,40000,,,,25,,,,0,,,,25,,,,201,,,0,-93.236127,44.966382,"4,526,012"
193,720 13th Ave S,55415,"Private Property - 50,000-100,000 sqft",,,Worship Facility,2003,,0,73986,73986,,,,60,,,,29,,,,63,,,,532,,,973,-93.254916,44.968941,"4,414,715"
194,811 Lasalle Ave,55402,"Private Property - 50,000-100,000 sqft",,,Retail Store,1998,,0,76000,60000,,,,164,,,,0,,,,172,,,,1086,,,291,-93.274628,44.976381,"4,459,275"
195,910 E 26th St,55407,"Private Property - 50,000-100,000 sqft",,,Medical Office,1986,,0,61609,61609,,,,112,,,,44,,,,114,,,,985,,,842,-93.261088,44.955557,"1,818,834"
196,920 E 28th St,55407,"Private Property - 50,000-100,000 sqft",,,Medical Office,1986,,0,75798,75798,,,,116,,,,39,,,,118,,,,1290,,,1255,-93.261152,44.951997,"1,818,832"
197,920 E Lake St,55407,"Private Property - 50,000-100,000 sqft",,,Restaurant,1929,,0,70000,70000,,,,263,,,,0,,,,267,,,,2345,,,3967,-93.261054,44.948381,"4,472,298"
198,921 Washington Ave S,55415,"Private Property - 50,000-100,000 sqft",,,Office,1920,,0,52516,52516,,,,76,,,,82,,,,77,,,,643,,,1454,-93.254963,44.976054,"4,202,786"
199,1010 Currie Ave,55403,"Private Property - 50,000-100,000 sqft",,,Residence Hall Dormitory,1922,,96530,96530,96530,,,,137,,,,23,,,,141,,,,1650,,,9147,-93.279329,44.977947,"3,966,816"
200,1101 W River Pkwy,55415,"Private Property - 50,000-100,000 sqft",,,Office,2002,,0,83947,83456,,,,56,,,,96,,,,58,,,,668,,,697,-93.250533,44.977502,"3,790,744"
201,,55411,"Private Property - 50,000-100,000 sqft",,,Worship Facility,1978,,0,55102,54861,,,,54,,,,18,,,,57,,,,439,,,702,-93.297641,44.998682,"4,479,497"
202,1455 W Lake St,55408,"Private Property - 50,000-100,000 sqft",,,Financial Office,1965,,0,65000,65000,,,,107,,,,61,,,,114,,,,763,,,605,-93.299123,44.948347,"4,470,371"
203,1500 6th St NE,55413,"Private Property - 50,000-100,000 sqft",,,Mixed Use Property,1965,,0,51864,51864,,,,69,,,,60,,,,75,,,,362,,,1263,-93.25892,45.003749,"4,436,903"
204,1540 New Brighton Blvd,55413,"Private Property - 50,000-100,000 sqft",,,Supermarket Grocery Store,2013,,0,64130,64130,,,,254,,,,27,,,,254,,,,2709,,,2110,-93.22944,45.003124,"4,443,545"
205,1601 Hennepin Ave,55403,"Private Property - 50,000-100,000 sqft",,,Worship Facility,1908,,59000,59000,56400,,,,65,,,,24,,,,69,,,,375,,,1618,-93.285809,44.972523,"4,021,318"
206,1630 4th St NE,55413,"Private Property - 50,000-100,000 sqft",,,K 12 School,1950,,0,68337,68337,,,,55,,,,87,,,,61,,,,307,,,637,-93.261621,45.004931,"4,427,485"
207,1700 2nd St NE,55413,"Private Property - 50,000-100,000 sqft",,,Office,2001,,0,54586,54586,,,,135,,,,54,,,,142,,,,688,,,1172,-93.26618,45.005799,"3,960,882"
208,1900 Nicollet Ave,55403,"Private Property - 50,000-100,000 sqft",,,Worship Facility,1948,,0,90000,90000,,,,66,,,,48,,,,71,,,,573,,,587,-93.277838,44.963832,"3,986,572"
209,1917 Logan Ave S,55403,"Private Property - 50,000-100,000 sqft",,,Worship Facility,1916,,0,53048,53048,,,,57,,,,76,,,,63,,,,205,,,124,-93.303223,44.96355,"4,489,742"
210,1936 Lyndale Ave S,55403,"Private Property - 50,000-100,000 sqft",,,Other,1906,,0,85700,85700,,,,61,,,,0,,,,65,,,,522,,,330,-93.28816,44.963416,"4,052,601"
211,2123 Clinton Ave S,55404,"Private Property - 50,000-100,000 sqft",,,K 12 School,1914,,0,50100,50100,,,,53,,,,97,,,,57,,,,219,,,969,-93.271453,44.961559,"4,512,215"
212,2324 Emerson Ave S,55405,"Private Property - 50,000-100,000 sqft",,,Worship Facility,1928,,0,79392,79392,,,,52,,,,64,,,,57,,,,425,,,378,-93.2944,44.95948,"3,301,984"
213,2329 Central Ave NE,55418,"Private Property - 50,000-100,000 sqft",,,Office,1971,,0,48755,48755,,,,72,,,,73,,,,76,,,,471,,,111,-93.247323,45.0117,"2,650,140"
214,2400 Park Ave,55404,"Private Property - 50,000-100,000 sqft",,,Office,2008,,0,81500,58000,,,,95,,,,80,,,,97,,,,741,,,949,-93.265155,44.959023,"4,510,513"
215,2410 Irving Ave N,55411,"Private Property - 50,000-100,000 sqft",,,K 12 School,1969,,0,68000,47000,,,,60,,,,93,,,,65,,,,307,,,94,-93.299444,45.003949,"4,471,474"
216,2450 Riverside Ave,55454,"Private Property - 50,000-100,000 sqft",,,Parking,1945,,0,75000,75000,,,,14,,,,0,,,,14,,,,220,,,0,-93.237101,44.965936,"4,526,014"
217,2500 3rd Ave S,55404,"Private Property - 50,000-100,000 sqft",,,Parking,1974,,0,85840,128760,,,,9,,,,0,,,,9,,,,155,,,16,-93.272811,44.956729,"4,466,763"
218,2540 Park Ave,55404,"Private Property - 50,000-100,000 sqft",,,Convention Center,1980,,0,83721,83721,,,,37,,,,0,,,,39,,,,273,,,386,-93.265168,44.956572,"4,362,648"
219,2700 E Lake St,55406,"Private Property - 50,000-100,000 sqft",,,Office,1917,,0,75000,,,,,,,,,,,,,,,,,,,,,-93.233043,44.948401,"4,134,229"
220,2701 University Ave SE,55414,"Private Property - 50,000-100,000 sqft",,,Office,1981,,0,68968,58968,,,,107,,,,64,,,,110,,,,926,,,1027,-93.218021,44.972126,"4,408,637"
221,2730 E 31st St,55406,"Private Property - 50,000-100,000 sqft",,,Worship Facility,1923,,0,52920,52920,,,,35,,,,0,,,,39,,,,161,,,216,-93.23261,44.946864,"4,404,207"
222,2800 Chicago Ave S,55407,"Private Property - 50,000-100,000 sqft",,,Medical Office,1986,,0,53750,53750,,,,96,,,,65,,,,100,,,,648,,,553,-93.26268,44.95143,"4,436,590"
223,2800 Wayzata Blvd,55405,"Private Property - 50,000-100,000 sqft",,,Other,1956,,99922,99922,99922,,,,113,,,,0,,,,121,,,,1370,,,1387,-93.318368,44.970583,"4,028,610"
224,2850 26th Ave S,55406,"Private Property - 50,000-100,000 sqft",,,Supermarket Grocery Store,1989,,0,65130,65130,,,,256,,,,0,,,,262,,,,2711,,,1665,-93.234751,44.95149,"4,495,877"
225,2935 10th Ave S,55407,"Private Property - 50,000-100,000 sqft",,,Parking,2005,,0,73400,,,,,,,,,,,,,,,,,,,,,-93.260082,44.949329,"4,498,766"
226,3100 W Lake St,55416,"Private Property - 50,000-100,000 sqft",,,Office,1953,,0,54000,54000,,,,98,,,,0,,,,103,,,,623,,,5,-93.318255,44.948487,"4,435,118"
227,3335 Blaisdell Ave,55408,"Private Property - 50,000-100,000 sqft",,,Fitness Center Health Club Gym,1960,,61000,61000,61000,,,,183,,,,0,,,,189,,,,1231,,,3210,-93.279684,44.942343,"4,051,185"
228,3800 Pleasant Ave,55409,"Private Property - 50,000-100,000 sqft",,,K 12 School,1935,,0,70030,63260,,,,58,,,,82,,,,64,,,,303,,,894,-93.283125,44.934024,"4,520,730"
229,4021 Thomas Ave N,55412,"Private Property - 50,000-100,000 sqft",,,K 12 School,1950,,0,56963,56963,,,,79,,,,0,,,,88,,,,340,,,446,-93.31357,45.028199,"4,417,040"
230,4652 Lyndale Ave N,55412,"Private Property - 50,000-100,000 sqft",,,Other   Services,1986,,0,53970,53970,,,,5,,,,0,,,,5,,,,49,,,85,-93.287105,45.040252,"4,367,714"
231,4999 France Ave S,55410,"Private Property - 50,000-100,000 sqft",,,Mixed Use Property,2000,,0,75493,42147,,,,125,,,,0,,,,128,,,,1046,,,828,-93.329033,44.912628,"4,414,792"
232,5000 Oliver Ave N,55430,"Private Property - 50,000-100,000 sqft",,,K 12 School,1955,,0,53446,53446,,,,98,,,,33,,,,109,,,,453,,,345,-93.307983,45.046629,"4,491,404"
233,5025 Knox Ave S,55419,"Private Property - 50,000-100,000 sqft",,,Worship Facility,1930,,0,95345,95345,,,,93,,,,43,,,,99,,,,911,,,1349,-93.302253,44.910619,"4,234,365"
234,5540 30th Ave S,55417,"Private Property - 50,000-100,000 sqft",,,Worship Facility,1962,,0,51072,,,,,,,,,,,,,,,,,,,,,-93.22983,44.902129,"4,482,711"
235,5937 Nicollet Ave,55419,"Private Property - 50,000-100,000 sqft",,,Supermarket Grocery Store,2008,,0,66903,66903,,,,292,,,,99,,,,297,,,,3185,,,2297,-93.278089,44.895439,"2,886,389"
236,25 37th Ave NE,55421,Public Property,City of Minneapolis,Emergency Operations Training Center,Office,2010,32150,32150,42581,42581,60,84,64,56,,0,,0,66,79,60,60,277,341,337,320,0,0,549,-93.277681,45.035348,"3,632,430"
237,25 S 11th St,55403,Public Property,City of Minneapolis,Harmon Ramp,Parking,2003,175000,350000,175000,175000,13,14,15,14,,0,,0,,14,14,14,410,433,434,424,0,3430,620,-93.278494,44.974501,"3,634,515"
238,31 N 9th St,55403,Public Property,City of Minneapolis,Hawthorne Ramp,Parking,1999,630000,1260000,630000,630000,22,20,22,21,,0,,0,,20,21,22,1814,1715,1633,1600,0,733,416,-93.277258,44.976627,"3,633,399"
239,66 Malcolm Ave SE,55414,Public Property,Minneapolis Public Schools,Pratt Community Center,K 12 School,1925,42032,42032,42437,42437,46,59,51,46,66,62,94,95,51,56,47,50,215,236,210,198,0,8920,981,-93.213579,44.968886,"1,599,815"
240,101 N 9th St,55403,Public Property,City of Minneapolis,TAD 7 Ramp,Parking,1991,1650000,3300000,1650000,1650000,11,10,10,10,,0,,0,,10,10,10,3033,2950,2754,2836,0,751,582,-93.277134,44.978071,"3,635,180"
241,110 S 4th St,55401,Public Property,Hennepin County,Family Justice Center,Courthouse,1956,227422,227422,227422,227422,54,59,58,53,96,96,97,97,57,58,55,56,1778,1676,1613,1516,0,1075,1087,-93.268182,44.979157,"3,501,928"
242,112 Williams Ave SE,55414,Public Property,Minneapolis Parks and Recreation Board,"Other, Minneapolis Park and Recreation Board, LUXTON PARK [MN012178]",Other   Entertainment Public Assembly,1969,,15400,15400,15400,,132,130,122,,0,,0,,124,120,130,,197,202,205,0,0,0,-93.218403,44.968768,"4,346,312"
243,117 S 12th St,55403,Public Property,City of Minneapolis,Plaza Ramp,Parking,1989,319000,638000,319000,319000,16,21,21,19,,0,,0,,19,20,20,838,968,865,827,0,1246,912,-93.274301,44.971136,"3,638,695"
244,121 E 15th St,55403,Public Property,City of Minneapolis,Fire Station # 06,Fire Station,1980,27160,27160,27160,27160,78,97,88,72,,0,,0,86,92,81,76,248,256,239,211,0,406,274,-93.276991,44.968005,"3,555,455"
245,201 W 49th St,55419,Public Property,Minneapolis Public Schools,Ramsey Elem   Washburn Senior,K 12 School,1925,403234,403234,403234,403234,87,117,115,80,45,24,38,86,96,113,109,84,3881,4635,4328,2492,0,41350,3128,-93.281718,44.914151,"1,642,831"
246,212 9th Ave S,55415,Public Property,City of Minneapolis,Riverfront  Guthrie  Ramp,Parking,2005,250000,500000,250000,250000,10,11,11,10,,0,,0,,10,10,10,562,569,546,503,0,0,0,-93.256555,44.975846,"3,639,851"
247,250 N 4th St,55401,Public Property,City of Minneapolis,Public Service Center,Office,1957,93010,93010,93010,93010,130,133,138,127,52,54,53,55,144,128,130,137,1583,1610,1397,1316,0,1892,1457,-93.273882,44.982242,"3,555,456"
248,252 Upton Ave S,55405,Public Property,Minneapolis Public Schools,Bryn Mawr Elementary,K 12 School,1962,99669,102658,102658,102658,90,103,110,70,37,33,34,75,100,98,103,77,911,964,1096,748,0,0,821,-93.31475,44.973769,"1,599,828"
249,256 Upton Ave S,55405,Public Property,Minneapolis Public Schools,Anwatin Middle School,K 12 School,1960,144157,0,173507,173507,45,0,51,44,59,0,86,91,50,0,48,49,727,0,819,748,0,0,2153,-93.314743,44.974346,"1,599,798"
250,300 Border Ave,55405,Public Property,City of Minneapolis,Traffic Maintenance Facility  300 Border,Other   Public Services,1962,61416,61416,61416,61416,100,82,62,61,,0,,0,109,80,59,66,661,567,437,424,0,770,588,-93.285243,44.980831,"3,632,475"
251,300 Nicollet Mall,55401,Public Property,Hennepin County,Central Library,Other,2004,426374,559507,559507,406354,45,50,53,48,,0,,0,46,48,49,50,3428,3040,3146,2971,0,3757,7203,-93.269417,44.98028,"3,597,930"
252,300 S 6th St,55415,Public Property,Hennepin County,Government Center,Courthouse,1974,1086239,1255134,1255134,1182041,96,99,103,88,81,79,79,83,102,96,98,91,,0,13118,11815,0,8461,10135,-93.267218,44.976092,"3,501,929"
253,309 2nd Ave S,55401,Public Property,City of Minneapolis,City of Lakes,Office,1958,47833,47833,47833,47833,130,159,157,153,46,39,40,37,142,152,150,164,809,893,848,842,0,982,496,-93.266447,44.979298,"3,632,360"
254,315 W 26th St,55404,Public Property,Minneapolis Public Schools,Whittier Elementary,K 12 School,1997,129998,129998,142460,142460,56,64,57,57,50,47,82,80,60,62,54,59,998,1001,940,959,0,15730,1609,-93.283231,44.955503,"1,599,820"
255,318 2nd Ave N,55401,Public Property,City of Minneapolis,TAD 4 Ramp,Parking,1993,450000,900000,450000,450000,27,35,33,30,,0,,0,,33,30,31,1833,2048,1927,1836,0,395,508,-93.272748,44.982725,"3,634,094"
256,330 S 12th St,55404,Public Property,Hennepin County,Century Plaza,Office,1934,297650,492121,984242,297650,54,65,34,56,98,97,100,98,56,62,32,58,2730,2629,2763,2375,0,2691,2876,-93.271622,44.970112,"3,512,705"
257,333 3rd Ave S,55415,Public Property,City of Minneapolis,Federal Courthouse Ramp,Parking,1997,105000,210000,105000,105000,25,29,30,24,,0,,0,,28,27,26,397,469,432,358,0,0,0,-93.265129,44.978725,"3,633,339"
258,350 S 5th St,55415,Public Property,City of Minneapolis,City Hall,Office,1895,680000,680000,680000,680000,84,66,66,59,87,94,94,95,87,65,63,60,7036,6032,5396,4973,0,11205,11443,-93.265818,44.976817,"3,661,723"
259,401 4th Ave S,55415,Public Property,Hennepin County,Public Safety Facility,Prison Incarceration,2001,381568,432776,432776,381568,122,122,129,125,,0,,0,128,120,124,128,,0,4764,4972,0,9838,8434,-93.264587,44.977148,"3,602,685"
260,414 Diamond Lake Rd E,55419,Public Property,Minneapolis Parks and Recreation Board,"Other, Minneapolis Park and Recreation Board, PEARL PARK [MN012190]",Other   Entertainment Public Assembly,1967,,11934,11934,11934,,96,101,83,,0,,0,,91,91,89,,143,144,129,0,0,0,-93.269284,44.903737,"4,346,343"
261,415 4th Ave SE,55414,Public Property,Minneapolis Public Schools,Marcy Elementary,K 12 School,1992,76906,76906,78957,78957,69,79,78,73,51,47,76,76,74,75,73,77,711,714,672,670,0,29440,1109,-93.249769,44.986326,"1,599,809"
262,415 N 3rd St,55401,Public Property,City of Minneapolis,Government Center Ramp,Parking,1974,350000,700000,350000,350000,11,13,13,12,,0,,0,,12,12,13,538,589,545,538,0,248,184,-93.275641,44.98506,"3,633,394"
263,424 4th St S,55415,Public Property,City of Minneapolis,Haaf Ramp,Parking,1993,260000,520000,260000,260000,27,49,35,30,,0,,0,,0,33,32,,2105,1139,1051,0,452,397,-93.26315,44.977006,"3,633,602"
264,501 Irving Ave N,55405,Public Property,Minneapolis Public Schools,Harrison  other,Other,1998,52802,52802,54793,54793,78,86,71,67,,0,88,88,86,82,67,73,479,503,438,432,0,2230,167,-93.299435,44.982833,"1,599,803"
265,516 2nd Ave N,55403,Public Property,City of Minneapolis,TAD 5 Ramp,Parking,1989,618000,1236000,618000,618000,21,22,22,18,,0,,0,,22,21,19,2011,2007,1895,1576,0,725,434,-93.275036,44.981094,"3,635,149"
266,525 Portland Ave S,55415,Public Property,Hennepin County,Health Services Building,Office,1989,198739,198739,198739,198739,51,53,54,50,98,99,99,99,53,51,51,52,,0,1242,1159,0,1309,1209,-93.262687,44.975039,"3,501,930"
267,530 Chicago Ave S,55415,Public Property,Hennepin County,Hennepin County Medical Center,Office,1974,62602,65673,62602,62602,230,257,247,218,,0,,3,248,248,230,224,,0,1347,1219,0,442,401,-93.259889,44.974106,"4,432,687"
268,600 Kenwood Pkwy,55403,Public Property,Minneapolis Parks and Recreation Board,"Other, Minneapolis Park and Recrea, PARADE PARK ICE   SOUTH [MN012189]",Ice Curling Rink,1988,,34351,34351,34351,262,304,202,192,,0,,0,286,296,191,203,,1105,519,449,0,0,0,-93.294972,44.969897,"4,346,543"
269,610 Kenwood Pkwy,55403,Public Property,Minneapolis Parks and Recreation Board,"Other, Minneapolis Park and Recrea, PARADE PARK ICE   NORTH [MN012227]",Ice Curling Rink,1988,,40195,40195,40195,,120,232,235,,0,,0,,0,223,239,,587,1172,1365,0,0,0,-93.295011,44.969896,"4,346,339"
270,620 34th St W,55408,Public Property,Minneapolis Parks and Recreation Board,"Other, Minneapolis Park and Recreation Board, PAINTER PARK [MN012188]",Other   Entertainment Public Assembly,1976,,5787,5787,5787,,113,126,103,,0,,0,,110,117,111,,56,65,55,0,0,0,-93.287481,44.941347,"4,346,547"
271,621 29th Ave N,55411,Public Property,Minneapolis Parks and Recreation Board,"Other, Minneapolis Park and Recreation Board, FARVIEW PARK [MN012165]",Other   Entertainment Public Assembly,1976,,18688,18688,18688,,106,108,87,,0,,0,,98,98,95,,228,220,207,0,0,0,-93.286451,45.009482,"4,346,334"
272,626 S 6th St,55415,Public Property,Hennepin County,Juvenile Justice Center Detention Center,Prison Incarceration,1983,199219,199219,199219,199219,78,73,85,78,,0,,0,82,71,82,80,,0,1869,1753,0,1778,1936,-93.262836,44.974244,"3,596,482"
273,661 5th Ave N,55405,Public Property,City of Minneapolis,Royalston Maintenance Facility,"Repair Services  Vehicle, Shoe, Locksmith, etc.",1998,71029,71029,71029,71029,86,112,111,86,,0,,0,101,0,99,97,593,632,622,509,0,685,857,-93.282282,44.982802,"3,632,334"
274,690 13th Ave NE,55413,Public Property,Minneapolis Parks and Recreation Board,"Other, Minneapolis Park and Recreation Board, LOGAN PARK [MN012175]",Other   Entertainment Public Assembly,1971,,14294,14294,14294,,93,101,90,,0,,0,,87,95,99,,142,144,144,0,0,0,-93.253011,45.000886,"4,346,302"
275,700 22nd Ave NE,55418,Public Property,Minneapolis Public Schools,Edison Senior High,K 12 School,1925,257922,257922,279550,279550,78,88,80,67,52,48,69,79,86,84,75,74,1897,2017,1975,1767,0,0,3594,-93.251682,45.009842,"1,599,800"
276,701 Park Ave,55415,Public Property,Hennepin County,Hennepin County Medical Center,Hospital  General Medical & Surgical,1976,,0,2905169,2404995,,0,183,185,,0,92,91,,0,179,188,,0,38197,39491,0,24536,26143,-93.262807,44.972628,"4,125,371"
277,711 S 2nd St,55401,Public Property,City of Minneapolis,Mill Quarter Ramp,Parking,2005,120000,240000,120000,120000,10,9,7,7,,0,,0,,9,7,7,250,232,170,159,0,68,41,-93.25756,44.978584,"3,638,757"
278,727 Vineland Pl,55403,Public Property,City of Minneapolis,Vineland  Walker  Ramp,Parking,2004,115000,230000,115000,115000,26,30,30,27,,0,,0,,29,29,28,542,538,529,488,0,0,4446,-93.288934,44.96886,"3,639,228"
279,730 22nd St E,55404,Public Property,Minneapolis Parks and Recreation Board,"Other, Minneapolis Park and Recreation Board, PEAVEY PARK [MN012191]",Other   Entertainment Public Assembly,1992,,1865,1865,1865,,307,153,191,,0,,0,,301,146,197,,102,38,57,0,0,0,-93.264625,44.960917,"4,346,536"
280,807 27th Ave N,55411,Public Property,Minneapolis Public Schools,Nellie Stone Johnson Elementary,K 12 School,2001,123000,123000,125150,125150,77,81,85,71,36,33,44,60,82,77,81,76,1202,1171,1201,1046,0,37030,2549,-93.290501,45.007672,"1,599,810"
281,901 15th Ave SE,55414,Public Property,Minneapolis Parks and Recreation Board,"Other, Minneapolis Park and Recreation Board, VAN CLEVE PARK [MN012199]",Other   Entertainment Public Assembly,1970,,13266,13266,13266,,130,142,119,,0,,0,,125,130,128,,181,183,161,0,0,0,-93.23043,44.986589,"4,346,325"
282,906 47th St E,55407,Public Property,Minneapolis Parks and Recreation Board,"Other, Minneapolis Park and Recreation Board, MCRAE PARK [MN012182]",Other   Entertainment Public Assembly,1955,,7839,7839,7839,,124,145,107,,0,,0,,116,127,116,,100,105,84,0,0,0,-93.260961,44.917927,"4,346,549"
283,915 Lasalle Ave,55402,Public Property,City of Minneapolis,10th and LaSalle Ramp,Parking,2001,360000,720000,360000,360000,9,10,11,10,,0,,0,10,9,10,10,521,550,532,484,0,684,463,-93.275378,44.975422,"3,633,336"
284,919 N Emerson Ave,55411,Public Property,Minneapolis Public Schools,Bethune,K 12 School,1968,,75430,75430,75430,,64,73,88,,64,80,63,,59,68,96,,525,535,651,0,0,295,-93.294127,44.987386,"3,590,806"
285,935 Hennepin Ave,55403,Public Property,City of Minneapolis,10th and Hennepin Ramp,Parking,1998,276000,0,552000,552000,20,0,11,8,,0,,0,,0,10,8,835,0,784,686,0,2008,2141,-93.277593,44.975957,"3,633,647"
286,1000 14th St E,55404,Public Property,Minneapolis Parks and Recreation Board,"Other, Minneapolis Park and Recreation Board, ELLIOT PARK [MN012164]",Other   Entertainment Public Assembly,1961,,7215,7215,7215,,102,106,83,,0,,0,,95,93,89,,80,73,65,0,0,0,-93.259579,44.968878,"4,346,525"
287,1001 2nd Ave S,55403,Public Property,City of Minneapolis,Leamington Ramp,Parking,1991,700000,1400000,700000,700000,17,14,14,12,,0,,0,,13,13,12,1223,1113,966,855,0,1432,569,-93.272176,44.972449,"3,633,404"
288,1030 2nd Ave S,55403,Public Property,City of Minneapolis,Hilton Ramp,Parking,1992,400000,800000,400000,400000,8,11,12,10,,0,,0,,11,11,11,680,945,965,852,0,0,0,-93.272228,44.972492,"3,638,476"
289,1111 S Marquette Ave,55403,Public Property,City of Minneapolis,Orchestra Hall Ramp #2,Parking,1989,148000,296000,148000,148000,5,6,7,6,,0,,0,,6,6,6,156,199,203,175,0,46,48,-93.274209,44.972198,"3,639,827"
290,1111 S Marquette Ave,55403,Public Property,City of Minneapolis,Orchestra Hall Ramp #1,Parking,1976,239000,478000,239000,239000,9,26,25,21,,0,,0,,24,22,23,480,718,647,560,0,94,97,-93.274209,44.972198,"3,639,794"
291,1200 Currie Ave,55403,Public Property,City of Minneapolis,Currie Maintenance Facility,"Repair Services  Vehicle, Shoe, Locksmith, etc.",1980,171200,171200,171200,171200,95,128,114,81,,0,,0,110,120,104,87,1639,1988,1796,1401,0,5041,2729,-93.281726,44.97796,"3,555,457"
292,1200 W 26th St,55405,Public Property,Minneapolis Public Schools,Jefferson Elementary,K 12 School,1925,133451,156450,156450,156450,73,78,83,73,38,38,74,81,81,73,77,81,892,1008,1009,935,0,42870,3712,-93.294524,44.955558,"1,599,805"
293,1201 University Ave NE,55413,Public Property,Minneapolis Public Schools,Sheridan Elementary,K 12 School,1932,126286,126286,148005,148005,121,142,113,102,,3,35,43,136,133,104,115,1265,1359,1261,1171,0,19300,1240,-93.263049,44.999904,"1,599,817"
294,1220 E 54th St,55417,Public Property,Minneapolis Public Schools,Hale Elementary,K 12 School,1930,74619,81807,81807,81807,94,105,104,89,42,38,53,67,103,98,95,96,271,356,354,293,0,12820,96,-93.25721,44.90529,"1,642,814"
295,1250 W Broadway Ave,55411,Public Property,Minneapolis Public Schools,Davis Center  District Headquarters,Office,2013,,0,237742,237742,,0,35,51,,0,98,96,,0,35,52,,0,1694,1864,0,0,1650,-93.296355,44.999192,"4,517,296"
296,1301 2nd Ave S,55403,Public Property,City of Minneapolis,Minneapolis Convention Center,Convention Center,1989,1500000,1500000,1500000,1500000,82,87,91,84,,0,,0,83,85,87,86,17045,17725,16083,15339,0,0,29898,-93.274155,44.969834,"3,632,144"
297,1306 Central Ave NE,55413,Public Property,Minneapolis Parks and Recreation Board,"Other, Minneapolis Park and Recrea, NORTHEAST ICE ARENA [MN012186]",Ice Curling Rink,1996,,32772,32772,32772,92,118,98,132,,0,,0,100,116,95,140,,468,369,461,0,0,0,-93.247369,45.000708,"4,346,301"
298,1313 Penn Ave N,55411,Public Property,Hennepin County,North Point Health and Wellness,Medical Office,1995,67205,67205,67205,67205,68,72,66,64,78,80,83,81,70,71,64,66,794,704,645,643,0,894,887,-93.30826,44.992219,"3,596,483"
299,1315 E 38th St,55407,Public Property,Minneapolis Public Schools,Bancroft Elementary,K 12 School,1925,72176,72176,79267,79267,83,100,103,100,45,43,53,31,94,97,93,110,546,602,632,617,0,0,1480,-93.255891,44.934124,"1,642,807"
300,1315 Lowry Ave N,55411,Public Property,Hennepin County,North Regional Library,Other,1971,38993,38993,38993,38993,60,73,75,64,,0,,0,64,67,68,69,317,304,321,300,0,299,188,-93.296202,45.013122,"3,597,931"
301,1320 29th Ave NE,55418,Public Property,Minneapolis Parks and Recreation Board,"Other, Minneapolis Park and Recreation Board, AUDUBON PARK [MN012157]",Other   Entertainment Public Assembly,1978,,6177,6177,6177,,115,111,90,,0,,0,,109,104,99,,68,63,57,0,0,0,-93.240871,45.020392,"4,346,306"
302,1328 58th St W,55419,Public Property,Minneapolis Parks and Recreation Board,"Other, Minneapolis Park and Recreation Board, KENNY PARK [MN012170]",Other   Entertainment Public Assembly,1962,,2456,2456,2456,,205,207,184,,0,,0,,194,192,196,,50,50,50,0,0,0,-93.296473,44.897903,"4,346,532"
303,1345 W Minnehaha Pkwy,55419,Public Property,Minneapolis Parks and Recreation Board,"Other, Minneapolis Park and Recreation Board, LYNNHURST PARK [MN012180]",Other   Entertainment Public Assembly,1971,,15446,15446,15446,,88,91,68,,0,,0,,81,83,73,,127,123,117,0,0,0,-93.298462,44.911387,"4,346,344"
304,1382 Willow St,55403,Public Property,Minneapolis Parks and Recreation Board,"Other, Minneapolis Park and Recreation Board, LORING PARK [MN012177]",Other   Entertainment Public Assembly,1906,,5164,5164,5164,,133,143,138,,0,,0,,129,135,144,,93,91,96,0,0,0,-93.281899,44.96919,"4,346,348"
305,1421 Spruce Pl,55403,Public Property,Minneapolis Public Schools,Emerson Elementary,K 12 School,1925,57061,61333,61733,61733,134,128,116,99,38,38,60,71,149,120,106,107,663,647,586,534,0,0,1477,-93.280803,44.96826,"1,599,801"
306,1500 James Ave N,55411,Public Property,Minneapolis Public Schools,North Senior High,K 12 School,1972,283568,283568,290000,290000,115,131,129,125,,3,9,8,126,128,123,131,3856,3913,3733,3888,0,50360,5118,-93.300629,44.995312,"1,599,811"
307,1501 30th Ave N,55411,Public Property,Minneapolis Public Schools,Jordan Park,K 12 School,1999,123293,109589,123293,123293,121,160,136,147,,1,8,5,119,154,131,151,1970,2025,1831,1982,0,13520,970,-93.298236,45.011338,"3,384,328"
308,1510 Glenwood Ave,55405,Public Property,Minneapolis Public Schools,W. Harry Davis Academy Elementary,K 12 School,1995,94282,94282,94282,94282,63,79,75,69,36,33,68,68,69,74,70,75,681,746,705,706,0,5420,383,-93.29956,44.980857,"1,599,818"
309,1601 Aldrich Ave N,55411,Public Property,Minneapolis Public Schools,Hall Elementary,K 12 School,1960,79840,79840,81030,81030,82,102,101,105,40,34,57,48,91,97,95,116,705,776,735,800,0,11160,686,-93.289555,44.995312,"1,599,802"
310,1601 W 50th St,55419,Public Property,Minneapolis Public Schools,Burroughs Elementary,K 12 School,2002,162320,162320,162320,162320,56,66,68,56,58,60,76,85,60,63,64,59,1166,1159,1113,1001,0,0,1129,-93.300086,44.912326,"1,642,809"
311,1607 51st Ave N,55430,Public Property,Minneapolis Public Schools,Olson Middle School,K 12 School,1962,117825,114959,134959,134959,115,117,95,104,,24,69,47,127,111,88,114,1408,1238,1083,1317,0,18410,1255,-93.30062,45.047495,"1,642,824"
312,1615 Dowling Ave N,55412,Public Property,Minneapolis Parks and Recreation Board,"Other, Minneapolis Park and Recreation Board, FOLWELL PARK [MN012166]",Other   Entertainment Public Assembly,2001,,13370,13370,13370,,73,72,69,,0,,0,,71,69,72,,162,150,151,0,0,0,-93.299555,45.024009,"4,346,337"
313,1800 34th Ave NE,55418,Public Property,Minneapolis Public Schools,Waite Park Elementary,K 12 School,1950,59085,59085,60083,60083,102,121,117,100,,26,46,50,111,115,110,110,670,699,642,626,0,9560,753,-93.234473,45.030385,"1,599,819"
314,1800 Chicago Ave S,55404,Public Property,Hennepin County,1800 Chicago,Office,1996,102815,102815,102815,102815,115,102,84,74,,79,87,88,123,100,79,79,1275,1033,889,847,0,2804,2574,-93.262578,44.965134,"3,602,684"
315,1801 James Ave N,55411,Public Property,Minneapolis Parks and Recreation Board,"Other, Minneapolis Park and Recrea, NORTH COMMONS PARK [MN012185]",Other   Entertainment Public Assembly,1972,,13810,13810,13810,,114,117,98,,0,,0,,108,111,105,,194,181,165,0,0,0,-93.30069,44.997399,"3,933,724"
316,1810 34th Ave NE,55418,Public Property,Minneapolis Parks and Recreation Board,"Other, Minneapolis Park and Recreation Board, WAITE PARK [MN012200]",Other   Entertainment Public Assembly,1979,,6212,6212,6212,,50,59,58,,0,,0,,48,55,61,,44,47,47,0,0,0,-93.234375,45.030386,"4,346,307"
317,1900 40th St E,55407,Public Property,Minneapolis Parks and Recreation Board,"Other, Minneapolis Park and Recreation Board, SIBLEY PARK [MN012196]",Other   Entertainment Public Assembly,1973,,7732,7732,7732,,144,157,117,,0,,0,,135,137,127,,111,109,89,0,0,0,-93.244781,44.930537,"4,346,321"
318,1901 E 26th St,55404,Public Property,City of Minneapolis,Hiawatha Maintenance Facility,"Repair Services  Vehicle, Shoe, Locksmith, etc.",2010,55894,70071,51835,62192,49,49,89,72,,0,,0,52,49,87,75,550,632,810,789,0,0,87,-93.244251,44.955522,"3,632,501"
319,1925 Plymouth Ave N,55411,Public Property,City of Minneapolis,Police Precinct 4,Police Station,1988,,25319,25319,25319,,103,107,106,,0,,0,,99,100,112,,369,348,349,0,250,462,-93.305091,44.991482,"3,768,574"
320,2000 2nd St NE,55418,Public Property,Minneapolis Parks and Recreation Board,"Other, Minneapolis Park and Recreation Board, BOTTINEAU PARK [MN012158]",Fitness Center Health Club Gym,2001,,13760,13760,13760,,99,109,87,,0,,0,,90,95,97,,130,129,117,0,0,0,-93.266211,45.008769,"4,346,309"
321,2013 Penn Ave S,55405,Public Property,Minneapolis Public Schools,Kenwood Elementary,K 12 School,1925,61300,61300,67300,67300,71,78,69,68,43,44,87,85,79,74,65,74,446,464,433,448,0,6880,507,-93.308233,44.962952,"1,599,806"
322,2101 Franklin Ave W,55405,Public Property,Minneapolis Parks and Recreation Board,"Other, Minneapolis Park and Recreation Board, KENWOOD PARK [MN012171]",Other   Entertainment Public Assembly,1983,,5956,5956,5956,,76,80,72,,0,,0,,70,74,79,,46,47,46,0,0,0,-93.307295,44.962732,"4,346,338"
323,2117 W River Rd,55411,Public Property,Minneapolis Parks and Recreation Board,"Other, Minneapolis Park and Recreation Board, MPRB HEADQUARTERS [MN012184]",Office,2001,,0,75327,75327,60,0,66,54,81,0,,0,63,0,62,56,,0,739,688,0,0,0,-93.276972,45.000395,"4,044,206"
324,2250 Garfield St NE,55418,Public Property,Minneapolis Public Schools,Pillsbury Elementary,K 12 School,1991,83906,83906,87705,87705,61,78,78,67,50,38,68,80,66,73,74,73,671,750,765,665,0,20020,1454,-93.23333,45.01093,"1,599,814"
325,2251 Hayes St NE,55418,Public Property,Minneapolis Parks and Recreation Board,"Other, Minneapolis Park and Recreation Board, WINDOM NE PARK [MN012203]",Other   Entertainment Public Assembly,1991,,3880,3880,3880,,150,175,124,,0,,0,,137,158,138,,58,64,52,0,0,0,-93.234552,45.010566,"4,346,304"
326,2307 17th Ave S,55404,Public Property,Minneapolis Parks and Recreation Board,"Other, Minneapolis Park and Recrea, EAST PHILLIPS PARK [MN012163]",Other   Entertainment Public Assembly,2010,,14564,14564,14564,,97,96,81,,0,,0,,90,89,87,,146,136,126,0,0,0,-93.249801,44.95997,"4,346,717"
327,2309 28th Ave S,55406,Public Property,Minneapolis Public Schools,Seward Elementary,K 12 School,1965,77300,77300,79692,79692,77,78,70,69,69,68,80,82,84,74,65,73,725,690,666,637,0,26610,1983,-93.231395,44.960133,"1,642,827"
328,2318 29th Ave S,55406,Public Property,Minneapolis Parks and Recreation Board,"Other, Minneapolis Park and Recreation Board, MATTHEWS PARK [MN012181]",Other   Entertainment Public Assembly,1968,,7846,7846,7846,,134,132,118,,0,,0,,127,121,127,,137,121,121,0,0,0,-93.229907,44.959809,"4,346,317"
329,2323 11th Ave S,55404,Public Property,Minneapolis Parks and Recreation Board,"Other, Minneapolis Park and Recrea, PHILLIPS POOL & GYM PARK [MN012193]",Other   Entertainment Public Assembly,1978,,41395,41395,41395,73,81,82,73,,0,,0,77,79,76,77,,463,438,423,0,0,0,-93.25817,44.959655,"4,346,347"
330,2401 E Minnehaha Pkwy,55417,Public Property,Minneapolis Parks and Recreation Board,"Other, Minneapolis Park and Recreation Board, LAKE NOKOMIS PARK [MN012173]",Other   Entertainment Public Assembly,1975,,13769,13769,13769,,91,92,66,,0,,0,,84,84,72,,107,105,81,0,0,0,-93.23498,44.916319,"4,346,326"
331,2500 57th St W,55410,Public Property,Minneapolis Parks and Recreation Board,"Other, Minneapolis Park and Recreation Board, ARMATAGE PARK [MN012156]",Fitness Center Health Club Gym,1978,,7097,7097,7097,,110,113,93,,0,,0,,103,100,100,,73,73,63,0,0,0,-93.311271,44.899767,"4,346,331"
332,2501 W 56th St,55410,Public Property,Minneapolis Public Schools,Armatage Elementary,K 12 School,1952,91500,91500,91500,91500,74,90,85,78,46,44,75,77,84,84,77,85,619,687,631,614,0,0,1113,-93.311317,44.901525,"1,642,806"
333,2600 44th Ave N,55412,Public Property,Minneapolis Public Schools,Loring Elementary,K 12 School,1928,60096,60096,60096,60096,83,102,104,87,49,41,73,83,93,94,95,97,434,499,494,434,0,18840,1664,-93.313798,45.035487,"1,599,808"
334,2600 Grand Ave S,55408,Public Property,Minneapolis Parks and Recreation Board,"Other, Minneapolis Park and Recreation Board, WHITTIER PARK [MN012202]",Fitness Center Health Club Gym,1974,,7549,7549,7549,,147,157,130,,0,,0,,139,143,139,,135,134,120,0,0,0,-93.284301,44.953729,"4,346,541"
335,2700 12th Ave S,55407,Public Property,Minneapolis Parks and Recreation Board,"Other, Minneapolis Park and Recreation Board, STEWART PARK [MN012198]",Other   Entertainment Public Assembly,1976,,6081,6081,6081,,134,123,107,,0,,0,,126,110,117,,88,76,71,0,0,0,-93.257578,44.95362,"4,346,538"
336,2701 44th St E,55406,Public Property,Minneapolis Parks and Recreation Board,"Other, Minneapolis Park and Recreation Board, LAKE HIAWATHA [MN012172]",Other   Entertainment Public Assembly,1977,,3970,3970,3970,,134,138,122,,0,,0,,126,124,129,,70,68,66,0,0,0,-93.233184,44.923255,"4,346,314"
337,2727 10th Ave S,55407,Public Property,Minneapolis Public Schools,Andersen Elementary,K 12 School,1976,233252,233252,233557,233557,65,83,86,79,44,18,34,41,70,80,81,83,403,567,597,538,0,0,3381,-93.260053,44.953299,"1,642,803"
338,2728 39th Ave S,55406,Public Property,Minneapolis Parks and Recreation Board,"Other, Minneapolis Park and Recreation Board, BRACKETT PARK [MN012159]",Other   Entertainment Public Assembly,1979,,5300,5300,5314,,63,60,50,,0,,0,,61,55,53,,44,40,37,0,0,0,-93.216566,44.953292,"4,346,323"
339,2810 Nicollet Ave S,55408,Public Property,Hennepin County,Whittier Clinic,Medical Office,2008,,0,85034,63808,,0,155,150,,0,28,17,,0,151,153,,0,1164,1249,0,954,1143,-93.277929,44.951606,"4,123,569"
340,2955 Hayes St NE,55418,Public Property,Minneapolis Public Schools,Northeast Middle,K 12 School,1956,176336,176336,176336,176336,108,132,129,122,,13,28,31,120,129,124,131,1881,1984,1921,1852,0,43240,2888,-93.234513,45.021369,"1,599,813"
341,3000 Minnehaha Ave,55406,Public Property,City of Minneapolis,Police Precinct #3,Police Station,2005,,33761,33761,33761,,104,110,100,,0,,0,,100,103,103,,494,485,472,0,1131,497,-93.234288,44.94834,"4,029,093"
342,3017 E 31st St,55406,Public Property,Minneapolis Public Schools,Longfellow Elementary,K 12 School,1925,44813,42733,42733,42733,133,172,175,156,,1,18,25,150,165,161,171,486,534,535,498,0,9750,812,-93.228114,44.946823,"1,642,821"
343,3030 53rd St E,55417,Public Property,Minneapolis Parks and Recreation Board,"Other, Minneapolis Park and Recreation Board, KEEWAYDIN PARK [MN012169]",Other   Entertainment Public Assembly,1972,,6314,6314,6314,,165,160,127,,0,,0,,156,147,137,,110,91,79,0,0,0,-93.228907,44.90719,"4,346,316"
344,3100 43rd St W,55410,Public Property,Minneapolis Parks and Recreation Board,"Other, Minneapolis Park and Recreation Board, LINDEN HILLS PARK [MN012174]",Other   Entertainment Public Assembly,1972,,7930,7930,7930,,138,148,116,,0,,0,,131,135,125,,110,110,94,0,0,0,-93.318987,44.925129,"4,346,333"
345,3100 E 28th St,55406,Public Property,Minneapolis Public Schools,Sullivan Elementary,K 12 School,1991,204925,204925,214421,214421,81,92,86,76,30,22,53,58,89,91,80,81,1931,2027,1791,1729,0,26700,1756,-93.226883,44.952009,"1,642,830"
346,3101 Bryant Ave S,55408,Public Property,Minneapolis Parks and Recreation Board,"Other, Minneapolis Park and Recrea, BRYANT SQUARE PARK [MN012160]",Other   Entertainment Public Assembly,1970,,6300,6300,6300,,77,82,65,,0,,0,,72,75,68,,63,63,53,0,0,0,-93.290626,44.946503,"4,346,345"
347,3131 19th Ave S,55407,Public Property,Minneapolis Public Schools,South Senior High,K 12 School,1968,278843,278843,283094,283094,85,91,90,91,35,33,51,45,92,90,86,94,3060,2991,2737,2932,0,0,5234,-93.244813,44.94567,"1,642,828"
348,3332 20th Ave S,55407,Public Property,Minneapolis Parks and Recreation Board,"Other, Minneapolis Park and Recreation Board, CORCORAN PARK [MN012161]",Other   Entertainment Public Assembly,1977,,5855,5855,5855,,133,133,109,,0,,0,,124,118,118,,77,72,64,0,0,0,-93.24362,44.94215,"4,346,318"
349,3333 Grand Ave S,55408,Public Property,Minneapolis Public Schools,Lyndale Elementary,K 12 School,1966,91786,91786,97506,97506,46,59,47,48,70,70,92,89,50,57,44,51,545,583,552,594,0,0,1426,-93.28428,44.942016,"1,642,822"
350,3333 Penn Ave N,55412,Public Property,Minneapolis Public Schools,Lucy Laney Elementary,K 12 School,2000,111726,111726,111726,111726,82,96,89,84,35,30,53,55,88,92,85,91,1199,1239,1105,1082,0,15640,1077,-93.30828,45.015959,"1,599,807"
351,3345 Chicago Ave,55407,Public Property,Minneapolis Public Schools,Wilder   Transition Plus,K 12 School,1975,193000,193000,205536,205536,106,110,83,89,,0,60,51,112,104,79,94,1842,1820,1578,1707,0,34850,2872,-93.262537,44.942358,"1,642,833"
352,3350 4th St N,55412,Public Property,Minneapolis Public Schools,City View Elementary,K 12 School,1999,132372,132372,132372,132372,67,63,57,58,,41,77,70,72,60,54,62,1180,1012,859,940,0,0,964,-93.284903,45.01528,"1,599,799"
353,3400 15th Ave S,55407,Public Property,Minneapolis Parks and Recreation Board,"Other, Minneapolis Park and Recreation Board, POWDERHORN PARK [MN012194]",Other   Entertainment Public Assembly,1972,,20363,20363,20363,,107,112,91,,0,,0,,100,102,97,,276,276,242,0,0,0,-93.253746,44.941282,"4,346,531"
354,3414 W 47th St,55410,Public Property,Minneapolis Public Schools,Southwest Senior High,K 12 School,1939,254560,254560,300845,300845,99,121,98,68,47,36,71,86,113,115,91,73,2557,2736,2481,2113,0,23520,1880,-93.322968,44.917938,"1,642,829"
355,3416 4th Ave S,55408,Public Property,Minneapolis Public Schools,Green Central Park Elementary,K 12 School,1993,112715,112715,120735,120735,54,60,53,47,83,80,98,99,60,58,50,50,531,554,485,423,0,25640,1444,-93.27024,44.940439,"1,642,813"
356,3435 36th Ave S,55406,Public Property,Minneapolis Parks and Recreation Board,"Other, Minneapolis Park and Recreation Board, LONGFELLOW PARK [MN012176]",Other   Entertainment Public Assembly,1962,,16396,16396,16396,,71,75,61,,0,,0,,66,67,65,,159,148,127,0,0,0,-93.220343,44.940478,"4,346,315"
357,3523 48th St W,55410,Public Property,Minneapolis Parks and Recreation Board,"Other, Minneapolis Park and Recrea, PERSHING FIELD PARK [MN012192]",Other   Entertainment Public Assembly,1975,,7287,7287,7287,,78,83,71,,0,,0,,75,78,75,,67,66,60,0,0,0,-93.323962,44.916072,"4,346,329"
358,3524 42nd Ave S,55406,Public Property,Minneapolis Public Schools,Sanford Middle School,K 12 School,1926,122380,122380,132893,132893,86,124,118,94,32,22,52,68,98,119,108,103,760,1124,1140,1001,0,19410,1400,-93.21279,44.93877,"1,642,826"
359,3611 20th Ave S,55407,Public Property,Minneapolis Public Schools,Folwell Elementary,K 12 School,1945,,0,140629,140629,,0,25,73,,0,94,60,,0,25,79,,0,713,1089,0,11860,970,-93.243518,44.937474,"4,517,289"
360,3733 43rd Ave S,55406,Public Property,Minneapolis Public Schools,Howe Elementary,K 12 School,1941,,0,36161,36161,,0,31,109,,0,97,66,,0,30,118,,0,228,366,0,8520,752,-93.211438,44.935307,"4,517,274"
361,3800 Bryant Ave S,55409,Public Property,Minneapolis Parks and Recreation Board,"Other, Minneapolis Park and Recrea, SOUTHSIDE OPERATIONS CENTER [MN012197]","Repair Services  Vehicle, Shoe, Locksmith, etc.",1986,,58683,58683,58683,87,108,118,89,,0,,0,96,101,108,95,,698,712,584,0,0,0,-93.290819,44.933985,"4,346,346"
362,3900 Bryant Ave S,55409,Public Property,Minneapolis Parks and Recreation Board,"Other, Minneapolis Park and Recrea, LYNDALE FARMSTEAD PARK [MN012179]",Other   Entertainment Public Assembly,1977,,2785,2785,2785,,182,183,139,,0,,0,,170,164,150,,49,48,42,0,0,0,-93.290851,44.931359,"4,346,340"
363,3900 West River Pkwy,55406,Public Property,Minneapolis Public Schools,Dowling Elementary,K 12 School,2007,90776,90776,90776,90776,130,141,120,102,30,33,63,70,146,134,108,111,1078,1080,928,892,0,0,1092,-93.202792,44.931894,"1,642,837"
364,4029 28th Ave S,55406,Public Property,Minneapolis Public Schools,Roosevelt Senior High,K 12 School,1925,307029,307029,324718,324718,93,99,96,81,37,49,69,79,103,95,88,88,2791,2576,2476,2200,0,4890,2223,-93.232083,44.929019,"1,642,825"
365,4030 Chowen Ave S,55410,Public Property,Minneapolis Public Schools,Lake Harriet Lower Campus  Audubon,K 12 School,1925,37540,37540,37540,85874,116,162,183,67,,9,17,86,130,156,169,73,396,561,590,522,0,9880,571,-93.32527,44.92961,"1,642,818"
366,4055 Nicollet Ave S,55409,Public Property,Minneapolis Parks and Recreation Board,"Other, Minneapolis Park and Recrea, REV. DR. MARTIN LUTHER KING [MN012195]",Other   Entertainment Public Assembly,1969,,20261,20261,20261,,106,111,90,,0,,0,,99,102,97,,210,206,180,0,0,0,-93.277895,44.929473,"4,346,349"
367,4131 Dupont Ave N,55412,Public Property,City of Minneapolis,Hamilton School  Police Training,Office,1960,41326,41326,41326,41326,151,176,168,154,51,46,,0,163,168,161,161,649,706,662,639,0,264,340,-93.29326,45.030539,"3,632,446"
368,4201 42nd Ave S,55406,Public Property,Minneapolis Public Schools,Hiawatha Elementary,K 12 School,1925,39042,39042,40888,40888,137,181,226,191,,5,20,35,156,169,199,211,353,445,567,484,0,11510,748,-93.212722,44.926912,"1,642,815"
369,4237 Colfax Ave S,55409,Public Property,Minneapolis Public Schools,Barton Elementary,K 12 School,1925,80464,80464,83752,83752,75,88,81,77,44,49,68,70,82,85,76,82,740,738,667,655,0,0,1168,-93.292072,44.925539,"1,642,808"
370,4305 42nd St E,55406,Public Property,Minneapolis Parks and Recreation Board,"Other, Minneapolis Park and Recrea, HIAWATHA SCHOOL PARK [MN012168]",Other   Entertainment Public Assembly,1978,,6613,6613,6613,,105,108,100,,0,,0,,98,101,107,,79,75,72,0,0,0,-93.210901,44.926982,"4,346,320"
371,4315 31st Ave S,55406,Public Property,Minneapolis Public Schools,Northrop at Ericsson,K 12 School,2007,57874,57874,57874,57874,39,100,96,90,36,14,69,71,39,96,87,98,283,488,470,464,0,6790,524,-93.227002,44.924359,"1,778,232"
372,4320 Newton Ave N,55412,Public Property,Minneapolis Public Schools,Henry Senior High,K 12 School,1926,227525,227525,240121,240121,75,92,83,88,65,50,73,45,84,84,76,97,1668,1832,1708,2327,0,0,564,-93.305953,45.03439,"1,599,804"
373,4400 Dupont Ave N,55412,Public Property,Minneapolis Parks and Recreation Board,"Other, Minneapolis Park and Recreation Board, WEBBER PARK [MN012201]",Other   Entertainment Public Assembly,1977,,7016,7016,7016,,94,98,83,,0,,0,,87,91,92,,81,78,69,0,0,0,-93.293912,45.037262,"4,346,328"
374,4500 Marshall St NE,55421,Public Property,City of Minneapolis,Water Treatment and Distribution Campus,Drinking Water Treatment & Distribution,1930,1500000,650000,650000,650000,324,306,349,313,,0,,0,324,300,338,327,32014,31974,32207,30269,0,0,0,-93.27679,45.04885,"3,632,661"
375,4645 4th Ave S,55419,Public Property,Minneapolis Public Schools,Field Elementary,K 12 School,1925,69530,69530,81171,81171,98,121,97,100,,21,63,37,110,116,89,107,666,743,687,904,0,6650,541,-93.27022,44.918891,"1,642,811"
376,4800 Grand Ave S,55419,Public Property,Minneapolis Parks and Recreation Board,"Other, Minneapolis Park and Recreation Board, FULLER PARK [MN012167]",Other   Entertainment Public Assembly,1976,,6357,6357,6357,,89,95,78,,0,,0,,85,88,83,,58,56,51,0,0,0,-93.284458,44.915872,"4,346,546"
377,4912 Vincent Ave S,55410,Public Property,Minneapolis Public Schools,Lake Harriet Upper Campus  Fulton,K 12 School,1925,77238,77238,77238,77238,82,120,108,100,49,36,66,69,91,112,99,108,636,813,714,689,0,230,818,-93.31635,44.913349,"1,642,819"
378,5001 Irving Ave N,55430,Public Property,Minneapolis Parks and Recreation Board,"Other, Minneapolis Park and Recreation Board, CREEKVIEW PARK [MN012162]",Other   Entertainment Public Assembly,1976,,6068,6068,6068,,90,94,70,,0,,0,,83,87,77,,56,51,42,0,0,0,-93.300498,45.047612,"4,346,311"
379,5025 Bryant Ave N,55430,Public Property,Minneapolis Public Schools,Jenny Lind,K 12 School,1995,,95662,96693,96693,,72,77,59,,52,53,73,,67,73,61,,809,812,669,0,11210,759,-93.291519,45.046525,"3,590,838"
380,5209 30th Ave S,55417,Public Property,Minneapolis Public Schools,Keewaydin Elementary,K 12 School,1934,44050,47500,87000,87000,145,161,94,88,,6,45,48,163,154,87,93,557,637,855,833,0,8520,704,-93.229703,44.908077,"1,642,816"
381,5531 39th Ave S,55417,Public Property,Minneapolis Parks and Recreation Board,"Other, Minneapolis Park and Recreation Board, MORRIS PARK [MN012183]",Other   Entertainment Public Assembly,1956,,4593,4593,4593,,77,85,73,,0,,0,,72,76,77,,37,38,37,0,0,0,-93.216489,44.903,"4,346,322"
382,5625 23rd Ave S,55417,Public Property,Minneapolis Public Schools,Wenonah Elementary,K 12 School,1952,42648,42648,44827,44827,108,116,104,106,45,42,67,62,120,111,95,115,442,437,393,414,0,5460,438,-93.238653,44.900759,"1,642,832"
383,5720 Emerson Ave S,55419,Public Property,Minneapolis Public Schools,Kenny Elementary,K 12 School,1954,61776,61776,61776,61776,91,111,112,97,39,35,60,74,102,107,103,105,505,544,544,469,0,11600,750,-93.29469,44.898769,"1,642,817"
384,5757 Irving Ave S,55419,Public Property,Minneapolis Public Schools,Anthony Middle School,K 12 School,1957,139806,139806,139806,139806,70,85,91,84,30,25,65,64,79,81,83,91,914,999,1015,1032,0,0,1602,-93.299703,44.898459,"1,642,805"
385,5821 Wentworth Ave S,55419,Public Property,Minneapolis Public Schools,Windom Elementary,K 12 School,1925,67466,67466,73618,73618,82,110,94,89,34,29,61,61,90,103,86,96,650,739,645,642,0,12830,1007,-93.280593,44.897558,"1,642,834"
386,6036 Harriet Ave,55419,Public Property,City of Minneapolis,Harriet Maintenance Facility,"Repair Services  Vehicle, Shoe, Locksmith, etc.",1959,53364,53364,53364,53364,61,80,82,65,,0,,0,70,75,75,70,349,413,395,339,0,1637,922,-93.285827,44.893828,"3,632,515"
